Using pre-set license
Built from '2022.3/respin/2022.3.62f2-4af31df585-v2' branch; Version is '2022.3.62f3 (96770f904ca7) revision 9860879'; Using compiler version '192829333'; Build Type 'Release'
OS: 'Windows 11  (10.0.26200) 64bit Enterprise' Language: 'en' Physical Memory: 65317 MB
BatchMode: 1, IsHumanControllingUs: 0, StartBugReporterOnCrash: 0, Is64bit: 1, IsPro: 1

COMMAND LINE ARGUMENTS:
C:\Program Files\Unity\Hub\Editor\2022.3.62f3\Editor\Unity.exe
-adb2
-batchMode
-noUpm
-name
AssetImportWorker3
-projectPath
C:/Users/Sasha/HammerwatchCloneVicetexin
-logFile
Logs/AssetImportWorker3.log
-srvPort
50179
Successfully changed project path to: C:/Users/Sasha/HammerwatchCloneVicetexin
C:/Users/Sasha/HammerwatchCloneVicetexin
[UnityMemory] Configuration Parameters - Can be set up in boot.config
    "memorysetup-bucket-allocator-granularity=16"
    "memorysetup-bucket-allocator-bucket-count=8"
    "memorysetup-bucket-allocator-block-size=33554432"
    "memorysetup-bucket-allocator-block-count=8"
    "memorysetup-main-allocator-block-size=16777216"
    "memorysetup-thread-allocator-block-size=16777216"
    "memorysetup-gfx-main-allocator-block-size=16777216"
    "memorysetup-gfx-thread-allocator-block-size=16777216"
    "memorysetup-cache-allocator-block-size=4194304"
    "memorysetup-typetree-allocator-block-size=2097152"
    "memorysetup-profiler-bucket-allocator-granularity=16"
    "memorysetup-profiler-bucket-allocator-bucket-count=8"
    "memorysetup-profiler-bucket-allocator-block-size=33554432"
    "memorysetup-profiler-bucket-allocator-block-count=8"
    "memorysetup-profiler-allocator-block-size=16777216"
    "memorysetup-profiler-editor-allocator-block-size=1048576"
    "memorysetup-temp-allocator-size-main=16777216"
    "memorysetup-job-temp-allocator-block-size=2097152"
    "memorysetup-job-temp-allocator-block-size-background=1048576"
    "memorysetup-job-temp-allocator-reduction-small-platforms=262144"
    "memorysetup-allocator-temp-initial-block-size-main=262144"
    "memorysetup-allocator-temp-initial-block-size-worker=262144"
    "memorysetup-temp-allocator-size-background-worker=32768"
    "memorysetup-temp-allocator-size-job-worker=262144"
    "memorysetup-temp-allocator-size-preload-manager=33554432"
    "memorysetup-temp-allocator-size-nav-mesh-worker=65536"
    "memorysetup-temp-allocator-size-audio-worker=65536"
    "memorysetup-temp-allocator-size-cloud-worker=32768"
    "memorysetup-temp-allocator-size-gi-baking-worker=262144"
    "memorysetup-temp-allocator-size-gfx=262144"
Player connection [35252]  Target information:

Player connection [35252]  * "[IP] 192.168.32.1 [Port] 0 [Flags] 2 [Guid] 3270649758 [EditorId] 3270649758 [Version] 1048832 [Id] WindowsEditor(7,DESKTOP-7D927AU) [Debug] 1 [PackageName] WindowsEditor [ProjectName] Editor" 

Player connection [35252]  * "[IP] 192.168.1.151 [Port] 0 [Flags] 2 [Guid] 3270649758 [EditorId] 3270649758 [Version] 1048832 [Id] WindowsEditor(7,DESKTOP-7D927AU) [Debug] 1 [PackageName] WindowsEditor [ProjectName] Editor" 

Player connection [35252] Host joined multi-casting on [225.0.0.222:54997]...
Player connection [35252] Host joined alternative multi-casting on [225.0.0.222:34997]...
Input System module state changed to: Initialized.
[PhysX] Initialized MultithreadedTaskDispatcher with 16 workers.
Refreshing native plugins compatible for Editor in 11.55 ms, found 5 plugins.
Preloading 0 native plugins for Editor in 0.00 ms.
Initialize engine version: 2022.3.62f3 (96770f904ca7)
[Subsystems] Discovering subsystems at path C:/Program Files/Unity/Hub/Editor/2022.3.62f3/Editor/Data/Resources/UnitySubsystems
[Subsystems] Discovering subsystems at path C:/Users/Sasha/HammerwatchCloneVicetexin/Assets
GfxDevice: creating device client; threaded=0; jobified=0
Direct3D:
    Version:  Direct3D 11.0 [level 11.1]
    Renderer: AMD Radeon RX 5700 XT (ID=0x731f)
    Vendor:   ATI
    VRAM:     8124 MB
    Driver:   32.0.12019.1028
Initialize mono
Mono path[0] = 'C:/Program Files/Unity/Hub/Editor/2022.3.62f3/Editor/Data/Managed'
Mono path[1] = 'C:/Program Files/Unity/Hub/Editor/2022.3.62f3/Editor/Data/MonoBleedingEdge/lib/mono/unityjit-win32'
Mono config path = 'C:/Program Files/Unity/Hub/Editor/2022.3.62f3/Editor/Data/MonoBleedingEdge/etc'
Using monoOptions --debugger-agent=transport=dt_socket,embedding=1,server=y,suspend=n,address=127.0.0.1:56052
Begin MonoManager ReloadAssembly
Registering precompiled unity dll's ...
Register platform support module: C:/Program Files/Unity/Hub/Editor/2022.3.62f3/Editor/Data/PlaybackEngines/WindowsStandaloneSupport/UnityEditor.WindowsStandalone.Extensions.dll
Registered in 0.004245 seconds.
- Loaded All Assemblies, in  0.283 seconds
Native extension for WindowsStandalone target not found
Mono: successfully reloaded assembly
- Finished resetting the current domain, in  0.233 seconds
Domain Reload Profiling: 515ms
	BeginReloadAssembly (87ms)
		ExecutionOrderSort (0ms)
		DisableScriptedObjects (0ms)
		BackupInstance (0ms)
		ReleaseScriptingObjects (0ms)
		CreateAndSetChildDomain (1ms)
	RebuildCommonClasses (27ms)
	RebuildNativeTypeToScriptingClass (7ms)
	initialDomainReloadingComplete (46ms)
	LoadAllAssembliesAndSetupDomain (115ms)
		LoadAssemblies (86ms)
		RebuildTransferFunctionScriptingTraits (0ms)
		AnalyzeDomain (113ms)
			TypeCache.Refresh (112ms)
				TypeCache.ScanAssembly (101ms)
			ScanForSourceGeneratedMonoScriptInfo (0ms)
			ResolveRequiredComponents (0ms)
	FinalizeReload (233ms)
		ReleaseScriptCaches (0ms)
		RebuildScriptCaches (0ms)
		SetupLoadedEditorAssemblies (193ms)
			LogAssemblyErrors (0ms)
			InitializePlatformSupportModulesInManaged (8ms)
			SetLoadedEditorAssemblies (7ms)
			RefreshPlugins (0ms)
			BeforeProcessingInitializeOnLoad (2ms)
			ProcessInitializeOnLoadAttributes (135ms)
			ProcessInitializeOnLoadMethodAttributes (42ms)
			AfterProcessingInitializeOnLoad (0ms)
			EditorAssembliesLoaded (0ms)
		ExecutionOrderSort2 (0ms)
		AwakeInstancesAfterBackupRestoration (0ms)
========================================================================
Worker process is ready to serve import requests
Caller must complete domain reload
Begin MonoManager ReloadAssembly
Symbol file LoadedFromMemory is not a mono symbol file
- Loaded All Assemblies, in  0.490 seconds
Native extension for WindowsStandalone target not found
Mono: successfully reloaded assembly
- Finished resetting the current domain, in  0.509 seconds
Domain Reload Profiling: 998ms
	BeginReloadAssembly (98ms)
		ExecutionOrderSort (0ms)
		DisableScriptedObjects (4ms)
		BackupInstance (0ms)
		ReleaseScriptingObjects (0ms)
		CreateAndSetChildDomain (15ms)
	RebuildCommonClasses (22ms)
	RebuildNativeTypeToScriptingClass (6ms)
	initialDomainReloadingComplete (30ms)
	LoadAllAssembliesAndSetupDomain (332ms)
		LoadAssemblies (243ms)
		RebuildTransferFunctionScriptingTraits (0ms)
		AnalyzeDomain (146ms)
			TypeCache.Refresh (123ms)
				TypeCache.ScanAssembly (110ms)
			ScanForSourceGeneratedMonoScriptInfo (17ms)
			ResolveRequiredComponents (4ms)
	FinalizeReload (509ms)
		ReleaseScriptCaches (0ms)
		RebuildScriptCaches (0ms)
		SetupLoadedEditorAssemblies (406ms)
			LogAssemblyErrors (0ms)
			InitializePlatformSupportModulesInManaged (4ms)
			SetLoadedEditorAssemblies (3ms)
			RefreshPlugins (0ms)
			BeforeProcessingInitializeOnLoad (50ms)
			ProcessInitializeOnLoadAttributes (309ms)
			ProcessInitializeOnLoadMethodAttributes (35ms)
			AfterProcessingInitializeOnLoad (5ms)
			EditorAssembliesLoaded (0ms)
		ExecutionOrderSort2 (0ms)
		AwakeInstancesAfterBackupRestoration (6ms)
Launched and connected shader compiler UnityShaderCompiler.exe after 0.03 seconds
Refreshing native plugins compatible for Editor in 3.72 ms, found 5 plugins.
Preloading 0 native plugins for Editor in 0.00 ms.
Unloading 4807 Unused Serialized files (Serialized files now loaded: 0)
Unloading 46 unused Assets / (244.8 KB). Loaded Objects now: 5269.
Memory consumption went from 155.7 MB to 155.5 MB.
Total: 3.038900 ms (FindLiveObjects: 0.288100 ms CreateObjectMapping: 0.122800 ms MarkObjects: 2.467500 ms  DeleteObjects: 0.160000 ms)

AssetImportParameters requested are different than current active one (requested -> active):
  custom:container-demuxer-ogg: 62fdf1f143b41e24485cea50d1cbac27 -> 
  custom:video-decoder-ogg-theora: a1e56fd34408186e4bbccfd4996cb3dc -> 
  custom:framework-win-MediaFoundation: 216162199b28c13a410421893ffa2e32 -> 
  custom:CustomObjectIndexerAttribute: 9a22284fe3817be447336de3de66b15e -> 
  custom:container-demuxer-webm: 4f35f7cbe854078d1ac9338744f61a02 -> 
  custom:container-muxer-webm: aa71ff27fc2769a1b78a27578f13a17b -> 
  custom:video-decoder-webm-vp8: 9c59270c3fd7afecdb556c50c9e8de78 -> 
  custom:SearchIndexIgnoredProperties: e643bd26f0fe6173181afceb89e7c659 -> 
  custom:AudioImporter_EditorPlatform: d09bf68614088b80899f8185d706f6e7 -> 
  custom:video-encoder-webm-vp8: eb34c28f22e8b96e1ab97ce403110664 -> 
  custom:audio-decoder-ogg-vorbis: bf7c407c2cedff20999df2af8eb42d56 -> 
  custom:audio-encoder-webm-vorbis: bf7c407c2cedff20999df2af8eb42d56 -> 
========================================================================
Received Import Request.
  Time since last request: 19181.019516 seconds.
  path: Assets/Visual Assets/Oryx/uf_terrain/barrel.png
  artifactKey: Guid(cda98cb0153ee184ea640106b7a29a1d) Importer(815301076,1909f56bfc062723c751e8b465ee728b)
Start importing Assets/Visual Assets/Oryx/uf_terrain/barrel.png using Guid(cda98cb0153ee184ea640106b7a29a1d) Importer(815301076,1909f56bfc062723c751e8b465ee728b) [PhysX] Initialized MultithreadedTaskDispatcher with 16 workers.
[PhysX] Initialized MultithreadedTaskDispatcher with 16 workers.
 -> (artifact id: 'e058f1774588499a6bbfffc2e82aebf6') in 0.080236 seconds
Number of updated asset objects reloaded before import = 0
Number of asset objects unloaded after import = 3
========================================================================
Received Import Request.
  Time since last request: 0.000025 seconds.
  path: Assets/Visual Assets/Oryx/uf_terrain/door_gate_8.png
  artifactKey: Guid(0a27013584cfc5b41a8b14e5f51671b3) Importer(815301076,1909f56bfc062723c751e8b465ee728b)
Start importing Assets/Visual Assets/Oryx/uf_terrain/door_gate_8.png using Guid(0a27013584cfc5b41a8b14e5f51671b3) Importer(815301076,1909f56bfc062723c751e8b465ee728b) [PhysX] Initialized MultithreadedTaskDispatcher with 16 workers.
[PhysX] Initialized MultithreadedTaskDispatcher with 16 workers.
 -> (artifact id: '4e5528e50bbfca3be94724430b728931') in 0.013785 seconds
Number of updated asset objects reloaded before import = 0
Number of asset objects unloaded after import = 3
========================================================================
Received Import Request.
  Time since last request: 0.000025 seconds.
  path: Assets/Visual Assets/Oryx/uf_terrain/door_stone_3.png
  artifactKey: Guid(5df32409c5cf26f439e6d97f5302ff11) Importer(815301076,1909f56bfc062723c751e8b465ee728b)
Start importing Assets/Visual Assets/Oryx/uf_terrain/door_stone_3.png using Guid(5df32409c5cf26f439e6d97f5302ff11) Importer(815301076,1909f56bfc062723c751e8b465ee728b) [PhysX] Initialized MultithreadedTaskDispatcher with 16 workers.
[PhysX] Initialized MultithreadedTaskDispatcher with 16 workers.
 -> (artifact id: '5af49656bd4b65050b2a200b904f7f0f') in 0.014421 seconds
Number of updated asset objects reloaded before import = 0
Number of asset objects unloaded after import = 3
========================================================================
Received Import Request.
  Time since last request: 0.000022 seconds.
  path: Assets/Visual Assets/Oryx/uf_terrain/door_metal_3.png
  artifactKey: Guid(e982b1eee17f1ed4da976459b867d03d) Importer(815301076,1909f56bfc062723c751e8b465ee728b)
Start importing Assets/Visual Assets/Oryx/uf_terrain/door_metal_3.png using Guid(e982b1eee17f1ed4da976459b867d03d) Importer(815301076,1909f56bfc062723c751e8b465ee728b) [PhysX] Initialized MultithreadedTaskDispatcher with 16 workers.
[PhysX] Initialized MultithreadedTaskDispatcher with 16 workers.
 -> (artifact id: '67d1e78dac6e9f9885a7b54fbb47a56a') in 0.015758 seconds
Number of updated asset objects reloaded before import = 0
Number of asset objects unloaded after import = 3
========================================================================
Received Import Request.
  Time since last request: 0.000017 seconds.
  path: Assets/Visual Assets/Oryx/uf_terrain/door_stone_2.png
  artifactKey: Guid(4fd18dda063a45b45a56956f3d131628) Importer(815301076,1909f56bfc062723c751e8b465ee728b)
Start importing Assets/Visual Assets/Oryx/uf_terrain/door_stone_2.png using Guid(4fd18dda063a45b45a56956f3d131628) Importer(815301076,1909f56bfc062723c751e8b465ee728b) [PhysX] Initialized MultithreadedTaskDispatcher with 16 workers.
[PhysX] Initialized MultithreadedTaskDispatcher with 16 workers.
 -> (artifact id: '9da133e8150b68722f056ebe6006bff9') in 0.016201 seconds
Number of updated asset objects reloaded before import = 0
Number of asset objects unloaded after import = 3
========================================================================
Received Import Request.
  Time since last request: 0.000029 seconds.
  path: Assets/Visual Assets/Oryx/uf_terrain/door_metal_2.png
  artifactKey: Guid(9fc00dd9f02a67c41b11cb39bb98bedb) Importer(815301076,1909f56bfc062723c751e8b465ee728b)
Start importing Assets/Visual Assets/Oryx/uf_terrain/door_metal_2.png using Guid(9fc00dd9f02a67c41b11cb39bb98bedb) Importer(815301076,1909f56bfc062723c751e8b465ee728b) [PhysX] Initialized MultithreadedTaskDispatcher with 16 workers.
[PhysX] Initialized MultithreadedTaskDispatcher with 16 workers.
 -> (artifact id: '8120da3517d9880f8612854099414e96') in 0.015028 seconds
Number of updated asset objects reloaded before import = 0
Number of asset objects unloaded after import = 3
========================================================================
Received Import Request.
  Time since last request: 0.000023 seconds.
  path: Assets/Visual Assets/Oryx/uf_terrain/fence_2.png
  artifactKey: Guid(4ef4c800e117465459340b2a800ab76a) Importer(815301076,1909f56bfc062723c751e8b465ee728b)
Start importing Assets/Visual Assets/Oryx/uf_terrain/fence_2.png using Guid(4ef4c800e117465459340b2a800ab76a) Importer(815301076,1909f56bfc062723c751e8b465ee728b) [PhysX] Initialized MultithreadedTaskDispatcher with 16 workers.
[PhysX] Initialized MultithreadedTaskDispatcher with 16 workers.
 -> (artifact id: 'f32f3a84872dd6d10fa0b28740e67e87') in 0.013810 seconds
Number of updated asset objects reloaded before import = 0
Number of asset objects unloaded after import = 3
========================================================================
Received Import Request.
  Time since last request: 0.000017 seconds.
  path: Assets/Visual Assets/Oryx/uf_terrain/door_stone_8.png
  artifactKey: Guid(bc57b51eb0d697447ae85266074da567) Importer(815301076,1909f56bfc062723c751e8b465ee728b)
Start importing Assets/Visual Assets/Oryx/uf_terrain/door_stone_8.png using Guid(bc57b51eb0d697447ae85266074da567) Importer(815301076,1909f56bfc062723c751e8b465ee728b) [PhysX] Initialized MultithreadedTaskDispatcher with 16 workers.
[PhysX] Initialized MultithreadedTaskDispatcher with 16 workers.
 -> (artifact id: 'fa5bdbbd22be31207acf8637abd5d07c') in 0.006848 seconds
Number of updated asset objects reloaded before import = 0
Number of asset objects unloaded after import = 3
========================================================================
Received Import Request.
  Time since last request: 0.000017 seconds.
  path: Assets/Visual Assets/Oryx/uf_terrain/door_wood_3.png
  artifactKey: Guid(e1bc4ea6c8800f546b0c81d83d500544) Importer(815301076,1909f56bfc062723c751e8b465ee728b)
Start importing Assets/Visual Assets/Oryx/uf_terrain/door_wood_3.png using Guid(e1bc4ea6c8800f546b0c81d83d500544) Importer(815301076,1909f56bfc062723c751e8b465ee728b) [PhysX] Initialized MultithreadedTaskDispatcher with 16 workers.
[PhysX] Initialized MultithreadedTaskDispatcher with 16 workers.
 -> (artifact id: 'dc68dc505412e6419c0afb51aad08671') in 0.015594 seconds
Number of updated asset objects reloaded before import = 0
Number of asset objects unloaded after import = 3
========================================================================
Received Import Request.
  Time since last request: 0.000017 seconds.
  path: Assets/Visual Assets/Oryx/uf_terrain/door_stone_4.png
  artifactKey: Guid(ae1a7c213e36c994ba803fe49e472229) Importer(815301076,1909f56bfc062723c751e8b465ee728b)
Start importing Assets/Visual Assets/Oryx/uf_terrain/door_stone_4.png using Guid(ae1a7c213e36c994ba803fe49e472229) Importer(815301076,1909f56bfc062723c751e8b465ee728b) [PhysX] Initialized MultithreadedTaskDispatcher with 16 workers.
[PhysX] Initialized MultithreadedTaskDispatcher with 16 workers.
 -> (artifact id: '6b64ab26ee1156503055b32c5cfe4858') in 0.014159 seconds
Number of updated asset objects reloaded before import = 0
Number of asset objects unloaded after import = 3
========================================================================
Received Import Request.
  Time since last request: 0.000050 seconds.
  path: Assets/Visual Assets/Oryx/uf_terrain/bones_2.png
  artifactKey: Guid(b88e2738cfeed3b4b82c79d4c4cdff92) Importer(815301076,1909f56bfc062723c751e8b465ee728b)
Start importing Assets/Visual Assets/Oryx/uf_terrain/bones_2.png using Guid(b88e2738cfeed3b4b82c79d4c4cdff92) Importer(815301076,1909f56bfc062723c751e8b465ee728b) [PhysX] Initialized MultithreadedTaskDispatcher with 16 workers.
[PhysX] Initialized MultithreadedTaskDispatcher with 16 workers.
 -> (artifact id: '4090539a55305bdd68f49757fe289f7f') in 0.014835 seconds
Number of updated asset objects reloaded before import = 0
Number of asset objects unloaded after import = 3
========================================================================
Received Import Request.
  Time since last request: 0.000018 seconds.
  path: Assets/Visual Assets/Oryx/uf_terrain/door_wood_8.png
  artifactKey: Guid(2c3eb17e7b047df4d9885fd84f96cfa6) Importer(815301076,1909f56bfc062723c751e8b465ee728b)
Start importing Assets/Visual Assets/Oryx/uf_terrain/door_wood_8.png using Guid(2c3eb17e7b047df4d9885fd84f96cfa6) Importer(815301076,1909f56bfc062723c751e8b465ee728b) [PhysX] Initialized MultithreadedTaskDispatcher with 16 workers.
[PhysX] Initialized MultithreadedTaskDispatcher with 16 workers.
 -> (artifact id: '5967484a3a2c8b24ab9422b88de44d25') in 0.006910 seconds
Number of updated asset objects reloaded before import = 0
Number of asset objects unloaded after import = 3
========================================================================
Received Import Request.
  Time since last request: 0.000015 seconds.
  path: Assets/Visual Assets/Oryx/uf_terrain/carpet_1.png
  artifactKey: Guid(9941db2cc0ca5ec40a1145f1c00174e3) Importer(815301076,1909f56bfc062723c751e8b465ee728b)
Start importing Assets/Visual Assets/Oryx/uf_terrain/carpet_1.png using Guid(9941db2cc0ca5ec40a1145f1c00174e3) Importer(815301076,1909f56bfc062723c751e8b465ee728b) [PhysX] Initialized MultithreadedTaskDispatcher with 16 workers.
[PhysX] Initialized MultithreadedTaskDispatcher with 16 workers.
 -> (artifact id: '630ecc9f96b0bbd1b15396472915e099') in 0.013013 seconds
Number of updated asset objects reloaded before import = 0
Number of asset objects unloaded after import = 3
========================================================================
Received Import Request.
  Time since last request: 0.000016 seconds.
  path: Assets/Visual Assets/Oryx/uf_terrain/door_ruin.png
  artifactKey: Guid(48abea4144b973a48a0adc40f48ede20) Importer(815301076,1909f56bfc062723c751e8b465ee728b)
Start importing Assets/Visual Assets/Oryx/uf_terrain/door_ruin.png using Guid(48abea4144b973a48a0adc40f48ede20) Importer(815301076,1909f56bfc062723c751e8b465ee728b) [PhysX] Initialized MultithreadedTaskDispatcher with 16 workers.
[PhysX] Initialized MultithreadedTaskDispatcher with 16 workers.
 -> (artifact id: '94089de7d956427c36d5cbd63fb50288') in 0.014572 seconds
Number of updated asset objects reloaded before import = 0
Number of asset objects unloaded after import = 3
========================================================================
Received Import Request.
  Time since last request: 0.000023 seconds.
  path: Assets/Visual Assets/Oryx/uf_terrain/door_ruin_11.png
  artifactKey: Guid(4438dd77a0471b84eb9535161889d89d) Importer(815301076,1909f56bfc062723c751e8b465ee728b)
Start importing Assets/Visual Assets/Oryx/uf_terrain/door_ruin_11.png using Guid(4438dd77a0471b84eb9535161889d89d) Importer(815301076,1909f56bfc062723c751e8b465ee728b) [PhysX] Initialized MultithreadedTaskDispatcher with 16 workers.
[PhysX] Initialized MultithreadedTaskDispatcher with 16 workers.
 -> (artifact id: '16c389edaa3de638726629d8c73154aa') in 0.014954 seconds
Number of updated asset objects reloaded before import = 0
Number of asset objects unloaded after import = 3
========================================================================
Received Import Request.
  Time since last request: 0.000018 seconds.
  path: Assets/Visual Assets/Oryx/uf_terrain/door_metal_1.png
  artifactKey: Guid(c82eb3b35bffe424c91309e38180c28e) Importer(815301076,1909f56bfc062723c751e8b465ee728b)
Start importing Assets/Visual Assets/Oryx/uf_terrain/door_metal_1.png using Guid(c82eb3b35bffe424c91309e38180c28e) Importer(815301076,1909f56bfc062723c751e8b465ee728b) [PhysX] Initialized MultithreadedTaskDispatcher with 16 workers.
[PhysX] Initialized MultithreadedTaskDispatcher with 16 workers.
 -> (artifact id: '132db24d79de04cc00d14f48e2c1dbc6') in 0.015436 seconds
Number of updated asset objects reloaded before import = 0
Number of asset objects unloaded after import = 3
========================================================================
Received Import Request.
  Time since last request: 0.000017 seconds.
  path: Assets/Visual Assets/Oryx/uf_terrain/dust_2.png
  artifactKey: Guid(16b37c58eafaf9c49a0e8e0a66aa5f8e) Importer(815301076,1909f56bfc062723c751e8b465ee728b)
Start importing Assets/Visual Assets/Oryx/uf_terrain/dust_2.png using Guid(16b37c58eafaf9c49a0e8e0a66aa5f8e) Importer(815301076,1909f56bfc062723c751e8b465ee728b) [PhysX] Initialized MultithreadedTaskDispatcher with 16 workers.
[PhysX] Initialized MultithreadedTaskDispatcher with 16 workers.
 -> (artifact id: 'c0dd1a7eabf8dacd3dd16224a64cb411') in 0.016602 seconds
Number of updated asset objects reloaded before import = 0
Number of asset objects unloaded after import = 3
========================================================================
Received Import Request.
  Time since last request: 0.000024 seconds.
  path: Assets/Visual Assets/Oryx/uf_terrain/door_stone_10.png
  artifactKey: Guid(8e0cb8914943fe54ea99a699045806ce) Importer(815301076,1909f56bfc062723c751e8b465ee728b)
Start importing Assets/Visual Assets/Oryx/uf_terrain/door_stone_10.png using Guid(8e0cb8914943fe54ea99a699045806ce) Importer(815301076,1909f56bfc062723c751e8b465ee728b) [PhysX] Initialized MultithreadedTaskDispatcher with 16 workers.
[PhysX] Initialized MultithreadedTaskDispatcher with 16 workers.
 -> (artifact id: 'b6c7ca931b2331b2ae746afdb71579d9') in 0.016399 seconds
Number of updated asset objects reloaded before import = 0
Number of asset objects unloaded after import = 3
========================================================================
Received Import Request.
  Time since last request: 0.000026 seconds.
  path: Assets/Visual Assets/Oryx/uf_terrain/door_wood_1.png
  artifactKey: Guid(f3e7b5225abdb4842b4bca6cee8065da) Importer(815301076,1909f56bfc062723c751e8b465ee728b)
Start importing Assets/Visual Assets/Oryx/uf_terrain/door_wood_1.png using Guid(f3e7b5225abdb4842b4bca6cee8065da) Importer(815301076,1909f56bfc062723c751e8b465ee728b) [PhysX] Initialized MultithreadedTaskDispatcher with 16 workers.
[PhysX] Initialized MultithreadedTaskDispatcher with 16 workers.
 -> (artifact id: 'f0ac3603f32eb7d848485ff66f0a1a0c') in 0.013445 seconds
Number of updated asset objects reloaded before import = 0
Number of asset objects unloaded after import = 3
========================================================================
Received Import Request.
  Time since last request: 0.000021 seconds.
  path: Assets/Visual Assets/Oryx/uf_terrain/door_ruin_9.png
  artifactKey: Guid(2b30ba02a00b1e244b329077d1cbfa0e) Importer(815301076,1909f56bfc062723c751e8b465ee728b)
Start importing Assets/Visual Assets/Oryx/uf_terrain/door_ruin_9.png using Guid(2b30ba02a00b1e244b329077d1cbfa0e) Importer(815301076,1909f56bfc062723c751e8b465ee728b) [PhysX] Initialized MultithreadedTaskDispatcher with 16 workers.
[PhysX] Initialized MultithreadedTaskDispatcher with 16 workers.
 -> (artifact id: 'a6d20a3984aa99e3a1d692083c5a38f5') in 0.013719 seconds
Number of updated asset objects reloaded before import = 0
Number of asset objects unloaded after import = 3
========================================================================
Received Import Request.
  Time since last request: 0.000018 seconds.
  path: Assets/Visual Assets/Oryx/uf_terrain/door_gate_1.png
  artifactKey: Guid(ba4f8d1aec797a84c8fe8b27a4fc184b) Importer(815301076,1909f56bfc062723c751e8b465ee728b)
Start importing Assets/Visual Assets/Oryx/uf_terrain/door_gate_1.png using Guid(ba4f8d1aec797a84c8fe8b27a4fc184b) Importer(815301076,1909f56bfc062723c751e8b465ee728b) [PhysX] Initialized MultithreadedTaskDispatcher with 16 workers.
[PhysX] Initialized MultithreadedTaskDispatcher with 16 workers.
 -> (artifact id: 'e4f22dd306e8b9fd071be95ff6a2ad30') in 0.015037 seconds
Number of updated asset objects reloaded before import = 0
Number of asset objects unloaded after import = 3
========================================================================
Received Import Request.
  Time since last request: 0.000017 seconds.
  path: Assets/Visual Assets/Oryx/uf_terrain/door_wood.png
  artifactKey: Guid(4e55ef0df9c5b5e4ea1d633105467250) Importer(815301076,1909f56bfc062723c751e8b465ee728b)
Start importing Assets/Visual Assets/Oryx/uf_terrain/door_wood.png using Guid(4e55ef0df9c5b5e4ea1d633105467250) Importer(815301076,1909f56bfc062723c751e8b465ee728b) [PhysX] Initialized MultithreadedTaskDispatcher with 16 workers.
[PhysX] Initialized MultithreadedTaskDispatcher with 16 workers.
 -> (artifact id: 'df7891b708fd5d9b865511c122989fd2') in 0.013600 seconds
Number of updated asset objects reloaded before import = 0
Number of asset objects unloaded after import = 3
========================================================================
Received Import Request.
  Time since last request: 0.000021 seconds.
  path: Assets/Visual Assets/Oryx/uf_terrain/dust_3.png
  artifactKey: Guid(d4ed4b6a235b8cd4fab2a21055d99bd6) Importer(815301076,1909f56bfc062723c751e8b465ee728b)
Start importing Assets/Visual Assets/Oryx/uf_terrain/dust_3.png using Guid(d4ed4b6a235b8cd4fab2a21055d99bd6) Importer(815301076,1909f56bfc062723c751e8b465ee728b) [PhysX] Initialized MultithreadedTaskDispatcher with 16 workers.
[PhysX] Initialized MultithreadedTaskDispatcher with 16 workers.
 -> (artifact id: '5b59a05c15886da68d32639ae890f28c') in 0.014501 seconds
Number of updated asset objects reloaded before import = 0
Number of asset objects unloaded after import = 3
========================================================================
Received Import Request.
  Time since last request: 0.000021 seconds.
  path: Assets/Visual Assets/Oryx/uf_terrain/fence_1.png
  artifactKey: Guid(a15e161968e3c7c40a17f4e3b9773c37) Importer(815301076,1909f56bfc062723c751e8b465ee728b)
Start importing Assets/Visual Assets/Oryx/uf_terrain/fence_1.png using Guid(a15e161968e3c7c40a17f4e3b9773c37) Importer(815301076,1909f56bfc062723c751e8b465ee728b) [PhysX] Initialized MultithreadedTaskDispatcher with 16 workers.
[PhysX] Initialized MultithreadedTaskDispatcher with 16 workers.
 -> (artifact id: '3feac0669a61c1439065f48f71412395') in 0.012408 seconds
Number of updated asset objects reloaded before import = 0
Number of asset objects unloaded after import = 3
========================================================================
Received Import Request.
  Time since last request: 0.000039 seconds.
  path: Assets/Visual Assets/Oryx/uf_terrain/fence_8.png
  artifactKey: Guid(e90c2856c9213b748acdc63d1cc85536) Importer(815301076,1909f56bfc062723c751e8b465ee728b)
Start importing Assets/Visual Assets/Oryx/uf_terrain/fence_8.png using Guid(e90c2856c9213b748acdc63d1cc85536) Importer(815301076,1909f56bfc062723c751e8b465ee728b) [PhysX] Initialized MultithreadedTaskDispatcher with 16 workers.
[PhysX] Initialized MultithreadedTaskDispatcher with 16 workers.
 -> (artifact id: '54889b22c4bae488ff3ff991b2f00ecf') in 0.014908 seconds
Number of updated asset objects reloaded before import = 0
Number of asset objects unloaded after import = 3
========================================================================
Received Import Request.
  Time since last request: 0.000021 seconds.
  path: Assets/Visual Assets/Oryx/uf_terrain/bones_3.png
  artifactKey: Guid(de43ecc933fb08040b49cd34903ca7a7) Importer(815301076,1909f56bfc062723c751e8b465ee728b)
Start importing Assets/Visual Assets/Oryx/uf_terrain/bones_3.png using Guid(de43ecc933fb08040b49cd34903ca7a7) Importer(815301076,1909f56bfc062723c751e8b465ee728b) [PhysX] Initialized MultithreadedTaskDispatcher with 16 workers.
[PhysX] Initialized MultithreadedTaskDispatcher with 16 workers.
 -> (artifact id: 'aee634480d62e1e6a00ed7d4424b27db') in 0.014197 seconds
Number of updated asset objects reloaded before import = 0
Number of asset objects unloaded after import = 3
========================================================================
Received Import Request.
  Time since last request: 0.000049 seconds.
  path: Assets/Visual Assets/Oryx/uf_terrain/door_ruin_6.png
  artifactKey: Guid(78d1215c08a93ae47ba2073d03ada0e8) Importer(815301076,1909f56bfc062723c751e8b465ee728b)
Start importing Assets/Visual Assets/Oryx/uf_terrain/door_ruin_6.png using Guid(78d1215c08a93ae47ba2073d03ada0e8) Importer(815301076,1909f56bfc062723c751e8b465ee728b) [PhysX] Initialized MultithreadedTaskDispatcher with 16 workers.
[PhysX] Initialized MultithreadedTaskDispatcher with 16 workers.
 -> (artifact id: '71b6f9b1464737fbaac98712cdde018a') in 0.014374 seconds
Number of updated asset objects reloaded before import = 0
Number of asset objects unloaded after import = 3
========================================================================
Received Import Request.
  Time since last request: 0.000023 seconds.
  path: Assets/Visual Assets/Oryx/uf_terrain/door_trap_open_brown-368.png
  artifactKey: Guid(0c8460f8d0912564fae16a49761c24d7) Importer(815301076,1909f56bfc062723c751e8b465ee728b)
Start importing Assets/Visual Assets/Oryx/uf_terrain/door_trap_open_brown-368.png using Guid(0c8460f8d0912564fae16a49761c24d7) Importer(815301076,1909f56bfc062723c751e8b465ee728b) [PhysX] Initialized MultithreadedTaskDispatcher with 16 workers.
[PhysX] Initialized MultithreadedTaskDispatcher with 16 workers.
 -> (artifact id: '0ac09a650fa8f135bcde216932fecdbd') in 0.015087 seconds
Number of updated asset objects reloaded before import = 0
Number of asset objects unloaded after import = 3
========================================================================
Received Import Request.
  Time since last request: 0.000017 seconds.
  path: Assets/Visual Assets/Oryx/uf_terrain/dust_4.png
  artifactKey: Guid(846fd6e1989409a4fb135a054af66161) Importer(815301076,1909f56bfc062723c751e8b465ee728b)
Start importing Assets/Visual Assets/Oryx/uf_terrain/dust_4.png using Guid(846fd6e1989409a4fb135a054af66161) Importer(815301076,1909f56bfc062723c751e8b465ee728b) [PhysX] Initialized MultithreadedTaskDispatcher with 16 workers.
[PhysX] Initialized MultithreadedTaskDispatcher with 16 workers.
 -> (artifact id: 'd2ff23e9c93b72f2f2ac37f9c356fb82') in 0.015011 seconds
Number of updated asset objects reloaded before import = 0
Number of asset objects unloaded after import = 3
========================================================================
Received Import Request.
  Time since last request: 0.000014 seconds.
  path: Assets/Visual Assets/Oryx/uf_terrain/door_ruin_2.png
  artifactKey: Guid(d155a7b692527644093ec6541bbc057f) Importer(815301076,1909f56bfc062723c751e8b465ee728b)
Start importing Assets/Visual Assets/Oryx/uf_terrain/door_ruin_2.png using Guid(d155a7b692527644093ec6541bbc057f) Importer(815301076,1909f56bfc062723c751e8b465ee728b) [PhysX] Initialized MultithreadedTaskDispatcher with 16 workers.
[PhysX] Initialized MultithreadedTaskDispatcher with 16 workers.
 -> (artifact id: 'e5a86bbd21250736e40cb3a67f779f88') in 0.013659 seconds
Number of updated asset objects reloaded before import = 0
Number of asset objects unloaded after import = 3
========================================================================
Received Import Request.
  Time since last request: 0.000021 seconds.
  path: Assets/Visual Assets/Oryx/uf_terrain/door_wood_7.png
  artifactKey: Guid(af1f85ef82534d14488bb5bf88df56a1) Importer(815301076,1909f56bfc062723c751e8b465ee728b)
Start importing Assets/Visual Assets/Oryx/uf_terrain/door_wood_7.png using Guid(af1f85ef82534d14488bb5bf88df56a1) Importer(815301076,1909f56bfc062723c751e8b465ee728b) [PhysX] Initialized MultithreadedTaskDispatcher with 16 workers.
[PhysX] Initialized MultithreadedTaskDispatcher with 16 workers.
 -> (artifact id: 'fc9c0454574df77cccd5581c04bf6b73') in 0.007636 seconds
Number of updated asset objects reloaded before import = 0
Number of asset objects unloaded after import = 3
========================================================================
Received Import Request.
  Time since last request: 0.000016 seconds.
  path: Assets/Visual Assets/Oryx/uf_terrain/door_stone_6.png
  artifactKey: Guid(da4e61ac7571c2c43b80190cb29a4834) Importer(815301076,1909f56bfc062723c751e8b465ee728b)
Start importing Assets/Visual Assets/Oryx/uf_terrain/door_stone_6.png using Guid(da4e61ac7571c2c43b80190cb29a4834) Importer(815301076,1909f56bfc062723c751e8b465ee728b) [PhysX] Initialized MultithreadedTaskDispatcher with 16 workers.
[PhysX] Initialized MultithreadedTaskDispatcher with 16 workers.
 -> (artifact id: '4fae61fa6c6208e1676983cc55e2cd6a') in 0.014403 seconds
Number of updated asset objects reloaded before import = 0
Number of asset objects unloaded after import = 3
========================================================================
Received Import Request.
  Time since last request: 0.000017 seconds.
  path: Assets/Visual Assets/Oryx/uf_terrain/door_wood_2.png
  artifactKey: Guid(6660e7a82282be748a6d2325bbce64f0) Importer(815301076,1909f56bfc062723c751e8b465ee728b)
Start importing Assets/Visual Assets/Oryx/uf_terrain/door_wood_2.png using Guid(6660e7a82282be748a6d2325bbce64f0) Importer(815301076,1909f56bfc062723c751e8b465ee728b) [PhysX] Initialized MultithreadedTaskDispatcher with 16 workers.
[PhysX] Initialized MultithreadedTaskDispatcher with 16 workers.
 -> (artifact id: 'bed3d84bbe38e088e72feaf2358ce3c6') in 0.014247 seconds
Number of updated asset objects reloaded before import = 0
Number of asset objects unloaded after import = 3
========================================================================
Received Import Request.
  Time since last request: 0.000020 seconds.
  path: Assets/Visual Assets/Oryx/uf_terrain/door_stone_9.png
  artifactKey: Guid(c4ef84cea695fd24da6cd07e8814b856) Importer(815301076,1909f56bfc062723c751e8b465ee728b)
Start importing Assets/Visual Assets/Oryx/uf_terrain/door_stone_9.png using Guid(c4ef84cea695fd24da6cd07e8814b856) Importer(815301076,1909f56bfc062723c751e8b465ee728b) [PhysX] Initialized MultithreadedTaskDispatcher with 16 workers.
[PhysX] Initialized MultithreadedTaskDispatcher with 16 workers.
 -> (artifact id: '04e23796fe0c3d85c3cf409f32c15633') in 0.015089 seconds
Number of updated asset objects reloaded before import = 0
Number of asset objects unloaded after import = 3
========================================================================
Received Import Request.
  Time since last request: 0.433154 seconds.
  path: Assets/Visual Assets/Oryx/uf_terrain/fence_12.png
  artifactKey: Guid(18e0969535c31fe4fb7679e7545a2601) Importer(815301076,1909f56bfc062723c751e8b465ee728b)
Start importing Assets/Visual Assets/Oryx/uf_terrain/fence_12.png using Guid(18e0969535c31fe4fb7679e7545a2601) Importer(815301076,1909f56bfc062723c751e8b465ee728b) [PhysX] Initialized MultithreadedTaskDispatcher with 16 workers.
[PhysX] Initialized MultithreadedTaskDispatcher with 16 workers.
 -> (artifact id: 'a268f48448bd7e14bc227f4d703bb00e') in 0.017918 seconds
Number of updated asset objects reloaded before import = 0
Number of asset objects unloaded after import = 3
========================================================================
Received Import Request.
  Time since last request: 0.000018 seconds.
  path: Assets/Visual Assets/Oryx/uf_terrain/floor_extra.png
  artifactKey: Guid(3e20bcbba35ebaa4c8450f666a119f56) Importer(815301076,1909f56bfc062723c751e8b465ee728b)
Start importing Assets/Visual Assets/Oryx/uf_terrain/floor_extra.png using Guid(3e20bcbba35ebaa4c8450f666a119f56) Importer(815301076,1909f56bfc062723c751e8b465ee728b) [PhysX] Initialized MultithreadedTaskDispatcher with 16 workers.
[PhysX] Initialized MultithreadedTaskDispatcher with 16 workers.
 -> (artifact id: '62870f51d60c7f46a2757f4c58b5bc31') in 0.016400 seconds
Number of updated asset objects reloaded before import = 0
Number of asset objects unloaded after import = 3
========================================================================
Received Import Request.
  Time since last request: 0.000018 seconds.
  path: Assets/Visual Assets/Oryx/uf_terrain/floor_diagonal_blue_1.png
  artifactKey: Guid(d12317d6a2c669c4d9ab901c60535b63) Importer(815301076,1909f56bfc062723c751e8b465ee728b)
Start importing Assets/Visual Assets/Oryx/uf_terrain/floor_diagonal_blue_1.png using Guid(d12317d6a2c669c4d9ab901c60535b63) Importer(815301076,1909f56bfc062723c751e8b465ee728b) [PhysX] Initialized MultithreadedTaskDispatcher with 16 workers.
[PhysX] Initialized MultithreadedTaskDispatcher with 16 workers.
 -> (artifact id: 'cc00969517aa1d62291adac991e9f470') in 0.016006 seconds
Number of updated asset objects reloaded before import = 0
Number of asset objects unloaded after import = 3
========================================================================
Received Import Request.
  Time since last request: 0.000019 seconds.
  path: Assets/Visual Assets/Oryx/uf_terrain/floor_crusted_grey_2.png
  artifactKey: Guid(eb53cbf5dcdf6a147ae77c94a869c678) Importer(815301076,1909f56bfc062723c751e8b465ee728b)
Start importing Assets/Visual Assets/Oryx/uf_terrain/floor_crusted_grey_2.png using Guid(eb53cbf5dcdf6a147ae77c94a869c678) Importer(815301076,1909f56bfc062723c751e8b465ee728b) [PhysX] Initialized MultithreadedTaskDispatcher with 16 workers.
[PhysX] Initialized MultithreadedTaskDispatcher with 16 workers.
 -> (artifact id: '7ae1873a71acf46dd5050d2052a4b6aa') in 0.015965 seconds
Number of updated asset objects reloaded before import = 0
Number of asset objects unloaded after import = 3
========================================================================
Received Import Request.
  Time since last request: 0.000023 seconds.
  path: Assets/Visual Assets/Oryx/uf_terrain/fence_16.png
  artifactKey: Guid(d5ec6ca4c4712ee4e8706734b6897194) Importer(815301076,1909f56bfc062723c751e8b465ee728b)
Start importing Assets/Visual Assets/Oryx/uf_terrain/fence_16.png using Guid(d5ec6ca4c4712ee4e8706734b6897194) Importer(815301076,1909f56bfc062723c751e8b465ee728b) [PhysX] Initialized MultithreadedTaskDispatcher with 16 workers.
[PhysX] Initialized MultithreadedTaskDispatcher with 16 workers.
 -> (artifact id: 'fee51b951b0152cfe62b1bc029cedeb5') in 0.015712 seconds
Number of updated asset objects reloaded before import = 0
Number of asset objects unloaded after import = 3
========================================================================
Received Import Request.
  Time since last request: 0.000021 seconds.
  path: Assets/Visual Assets/Oryx/uf_terrain/fence_21.png
  artifactKey: Guid(1e403c40fc285ad40897045043997b54) Importer(815301076,1909f56bfc062723c751e8b465ee728b)
Start importing Assets/Visual Assets/Oryx/uf_terrain/fence_21.png using Guid(1e403c40fc285ad40897045043997b54) Importer(815301076,1909f56bfc062723c751e8b465ee728b) [PhysX] Initialized MultithreadedTaskDispatcher with 16 workers.
[PhysX] Initialized MultithreadedTaskDispatcher with 16 workers.
 -> (artifact id: '00f725a8e32ae414ca2f162058816294') in 0.015262 seconds
Number of updated asset objects reloaded before import = 0
Number of asset objects unloaded after import = 3
========================================================================
Received Import Request.
  Time since last request: 0.000023 seconds.
  path: Assets/Visual Assets/Oryx/uf_terrain/floor_diagonal_blue_3.png
  artifactKey: Guid(10cfcfba2c5d7d546af05757b8b7a87d) Importer(815301076,1909f56bfc062723c751e8b465ee728b)
Start importing Assets/Visual Assets/Oryx/uf_terrain/floor_diagonal_blue_3.png using Guid(10cfcfba2c5d7d546af05757b8b7a87d) Importer(815301076,1909f56bfc062723c751e8b465ee728b) [PhysX] Initialized MultithreadedTaskDispatcher with 16 workers.
[PhysX] Initialized MultithreadedTaskDispatcher with 16 workers.
 -> (artifact id: 'e1715f8c76920a1d17b61f3f2e4c213f') in 0.014505 seconds
Number of updated asset objects reloaded before import = 0
Number of asset objects unloaded after import = 3
========================================================================
Received Import Request.
  Time since last request: 0.000016 seconds.
  path: Assets/Visual Assets/Oryx/uf_terrain/fence_18.png
  artifactKey: Guid(c16546b49a38816408ea339f7b99ed81) Importer(815301076,1909f56bfc062723c751e8b465ee728b)
Start importing Assets/Visual Assets/Oryx/uf_terrain/fence_18.png using Guid(c16546b49a38816408ea339f7b99ed81) Importer(815301076,1909f56bfc062723c751e8b465ee728b) [PhysX] Initialized MultithreadedTaskDispatcher with 16 workers.
[PhysX] Initialized MultithreadedTaskDispatcher with 16 workers.
 -> (artifact id: '59352a1007750c9fc8c8587430c4643d') in 0.013292 seconds
Number of updated asset objects reloaded before import = 0
Number of asset objects unloaded after import = 3
========================================================================
Received Import Request.
  Time since last request: 0.000020 seconds.
  path: Assets/Visual Assets/Oryx/uf_terrain/floor_diagonal_blue_2.png
  artifactKey: Guid(3a0c4438c8c1bb7418a602a64b9f1b2f) Importer(815301076,1909f56bfc062723c751e8b465ee728b)
Start importing Assets/Visual Assets/Oryx/uf_terrain/floor_diagonal_blue_2.png using Guid(3a0c4438c8c1bb7418a602a64b9f1b2f) Importer(815301076,1909f56bfc062723c751e8b465ee728b) [PhysX] Initialized MultithreadedTaskDispatcher with 16 workers.
[PhysX] Initialized MultithreadedTaskDispatcher with 16 workers.
 -> (artifact id: '76dd0034715296c902dd94a69a3426dc') in 0.013907 seconds
Number of updated asset objects reloaded before import = 0
Number of asset objects unloaded after import = 3
========================================================================
Received Import Request.
  Time since last request: 0.132840 seconds.
  path: Assets/Visual Assets/Oryx/uf_terrain/floor_extra_5.png
  artifactKey: Guid(48410097d49a42c418cc92f6f03bcd86) Importer(815301076,1909f56bfc062723c751e8b465ee728b)
Start importing Assets/Visual Assets/Oryx/uf_terrain/floor_extra_5.png using Guid(48410097d49a42c418cc92f6f03bcd86) Importer(815301076,1909f56bfc062723c751e8b465ee728b) [PhysX] Initialized MultithreadedTaskDispatcher with 16 workers.
[PhysX] Initialized MultithreadedTaskDispatcher with 16 workers.
 -> (artifact id: '6ad30645bcd9b6c4dee80f758d20d0eb') in 0.019350 seconds
Number of updated asset objects reloaded before import = 0
Number of asset objects unloaded after import = 3
========================================================================
Received Import Request.
  Time since last request: 0.000023 seconds.
  path: Assets/Visual Assets/Oryx/uf_terrain/floor_set_blue.png
  artifactKey: Guid(167ba61d4b9231f4e9332f13055c41ca) Importer(815301076,1909f56bfc062723c751e8b465ee728b)
Start importing Assets/Visual Assets/Oryx/uf_terrain/floor_set_blue.png using Guid(167ba61d4b9231f4e9332f13055c41ca) Importer(815301076,1909f56bfc062723c751e8b465ee728b) [PhysX] Initialized MultithreadedTaskDispatcher with 16 workers.
[PhysX] Initialized MultithreadedTaskDispatcher with 16 workers.
 -> (artifact id: 'ebb3b33faf1f2cf67462549fadcb83e1') in 0.017345 seconds
Number of updated asset objects reloaded before import = 0
Number of asset objects unloaded after import = 3
========================================================================
Received Import Request.
  Time since last request: 0.000019 seconds.
  path: Assets/Visual Assets/Oryx/uf_terrain/floor_set_blue_1.png
  artifactKey: Guid(64c0b31ea1568a34c93250b51f04dd7b) Importer(815301076,1909f56bfc062723c751e8b465ee728b)
Start importing Assets/Visual Assets/Oryx/uf_terrain/floor_set_blue_1.png using Guid(64c0b31ea1568a34c93250b51f04dd7b) Importer(815301076,1909f56bfc062723c751e8b465ee728b) [PhysX] Initialized MultithreadedTaskDispatcher with 16 workers.
[PhysX] Initialized MultithreadedTaskDispatcher with 16 workers.
 -> (artifact id: '91bc3033be2f57585dad2ab50ef58ce3') in 0.014017 seconds
Number of updated asset objects reloaded before import = 0
Number of asset objects unloaded after import = 3
========================================================================
Received Import Request.
  Time since last request: 0.000018 seconds.
  path: Assets/Visual Assets/Oryx/uf_terrain/floor_set_blue_7.png
  artifactKey: Guid(bc34c05b3de47cd49bab2ec838279a40) Importer(815301076,1909f56bfc062723c751e8b465ee728b)
Start importing Assets/Visual Assets/Oryx/uf_terrain/floor_set_blue_7.png using Guid(bc34c05b3de47cd49bab2ec838279a40) Importer(815301076,1909f56bfc062723c751e8b465ee728b) [PhysX] Initialized MultithreadedTaskDispatcher with 16 workers.
[PhysX] Initialized MultithreadedTaskDispatcher with 16 workers.
 -> (artifact id: '6264093a150ac6b3bba6a93cafeb34a7') in 0.013481 seconds
Number of updated asset objects reloaded before import = 0
Number of asset objects unloaded after import = 3
========================================================================
Received Import Request.
  Time since last request: 0.000017 seconds.
  path: Assets/Visual Assets/Oryx/uf_terrain/floor_set_grey_1.png
  artifactKey: Guid(bdfd43acd6f144341a35383ce9c265d4) Importer(815301076,1909f56bfc062723c751e8b465ee728b)
Start importing Assets/Visual Assets/Oryx/uf_terrain/floor_set_grey_1.png using Guid(bdfd43acd6f144341a35383ce9c265d4) Importer(815301076,1909f56bfc062723c751e8b465ee728b) [PhysX] Initialized MultithreadedTaskDispatcher with 16 workers.
[PhysX] Initialized MultithreadedTaskDispatcher with 16 workers.
 -> (artifact id: '06cce48c15d8aed1e783d9e4cfe0c848') in 0.014562 seconds
Number of updated asset objects reloaded before import = 0
Number of asset objects unloaded after import = 3
========================================================================
Received Import Request.
  Time since last request: 0.000018 seconds.
  path: Assets/Visual Assets/Oryx/uf_terrain/floor_set_grey_7.png
  artifactKey: Guid(917353c11c6795b48ab08f26c926549f) Importer(815301076,1909f56bfc062723c751e8b465ee728b)
Start importing Assets/Visual Assets/Oryx/uf_terrain/floor_set_grey_7.png using Guid(917353c11c6795b48ab08f26c926549f) Importer(815301076,1909f56bfc062723c751e8b465ee728b) [PhysX] Initialized MultithreadedTaskDispatcher with 16 workers.
[PhysX] Initialized MultithreadedTaskDispatcher with 16 workers.
 -> (artifact id: '4775090be8d1bcc5a55e26411584fa61') in 0.015792 seconds
Number of updated asset objects reloaded before import = 0
Number of asset objects unloaded after import = 3
========================================================================
Received Import Request.
  Time since last request: 0.000019 seconds.
  path: Assets/Visual Assets/Oryx/uf_terrain/floor_set_blue_11.png
  artifactKey: Guid(6e0e4b79a7ae90c4d9b5108e1138d204) Importer(815301076,1909f56bfc062723c751e8b465ee728b)
Start importing Assets/Visual Assets/Oryx/uf_terrain/floor_set_blue_11.png using Guid(6e0e4b79a7ae90c4d9b5108e1138d204) Importer(815301076,1909f56bfc062723c751e8b465ee728b) [PhysX] Initialized MultithreadedTaskDispatcher with 16 workers.
[PhysX] Initialized MultithreadedTaskDispatcher with 16 workers.
 -> (artifact id: '476562da2f5e67aaa128ca01107832c6') in 0.013693 seconds
Number of updated asset objects reloaded before import = 0
Number of asset objects unloaded after import = 3
========================================================================
Received Import Request.
  Time since last request: 0.000021 seconds.
  path: Assets/Visual Assets/Oryx/uf_terrain/floor_extra_15.png
  artifactKey: Guid(f0f6efe53cb476844ac47a6e57c3c447) Importer(815301076,1909f56bfc062723c751e8b465ee728b)
Start importing Assets/Visual Assets/Oryx/uf_terrain/floor_extra_15.png using Guid(f0f6efe53cb476844ac47a6e57c3c447) Importer(815301076,1909f56bfc062723c751e8b465ee728b) [PhysX] Initialized MultithreadedTaskDispatcher with 16 workers.
[PhysX] Initialized MultithreadedTaskDispatcher with 16 workers.
 -> (artifact id: 'd33fd5d3c5cae402149959cd5c3fe2c4') in 0.015696 seconds
Number of updated asset objects reloaded before import = 0
Number of asset objects unloaded after import = 3
========================================================================
Received Import Request.
  Time since last request: 0.000056 seconds.
  path: Assets/Visual Assets/Oryx/uf_terrain/floor_extra_18.png
  artifactKey: Guid(72e0653f11d13e54dae5b3708be442f4) Importer(815301076,1909f56bfc062723c751e8b465ee728b)
Start importing Assets/Visual Assets/Oryx/uf_terrain/floor_extra_18.png using Guid(72e0653f11d13e54dae5b3708be442f4) Importer(815301076,1909f56bfc062723c751e8b465ee728b) [PhysX] Initialized MultithreadedTaskDispatcher with 16 workers.
[PhysX] Initialized MultithreadedTaskDispatcher with 16 workers.
 -> (artifact id: '4ed259f9e80eab360c42181f3a8716b9') in 0.013945 seconds
Number of updated asset objects reloaded before import = 0
Number of asset objects unloaded after import = 3
========================================================================
Received Import Request.
  Time since last request: 0.000016 seconds.
  path: Assets/Visual Assets/Oryx/uf_terrain/floor_set_blue_3.png
  artifactKey: Guid(98306eeb16747d94093fd07a97b421d4) Importer(815301076,1909f56bfc062723c751e8b465ee728b)
Start importing Assets/Visual Assets/Oryx/uf_terrain/floor_set_blue_3.png using Guid(98306eeb16747d94093fd07a97b421d4) Importer(815301076,1909f56bfc062723c751e8b465ee728b) [PhysX] Initialized MultithreadedTaskDispatcher with 16 workers.
[PhysX] Initialized MultithreadedTaskDispatcher with 16 workers.
 -> (artifact id: 'f3c84de110fbd639bf0f3a16fe3404d4') in 0.012947 seconds
Number of updated asset objects reloaded before import = 0
Number of asset objects unloaded after import = 3
========================================================================
Received Import Request.
  Time since last request: 0.000017 seconds.
  path: Assets/Visual Assets/Oryx/uf_terrain/floor_set_blue_2.png
  artifactKey: Guid(66a4f2fd55d469849ad3001781a1c98f) Importer(815301076,1909f56bfc062723c751e8b465ee728b)
Start importing Assets/Visual Assets/Oryx/uf_terrain/floor_set_blue_2.png using Guid(66a4f2fd55d469849ad3001781a1c98f) Importer(815301076,1909f56bfc062723c751e8b465ee728b) [PhysX] Initialized MultithreadedTaskDispatcher with 16 workers.
[PhysX] Initialized MultithreadedTaskDispatcher with 16 workers.
 -> (artifact id: '4b20bbc929138b6bcabc68fd3b25e542') in 0.015022 seconds
Number of updated asset objects reloaded before import = 0
Number of asset objects unloaded after import = 3
========================================================================
Received Import Request.
  Time since last request: 0.000018 seconds.
  path: Assets/Visual Assets/Oryx/uf_terrain/floor_extra_8.png
  artifactKey: Guid(35300cb973a07c047b92e9dd0c2f7f18) Importer(815301076,1909f56bfc062723c751e8b465ee728b)
Start importing Assets/Visual Assets/Oryx/uf_terrain/floor_extra_8.png using Guid(35300cb973a07c047b92e9dd0c2f7f18) Importer(815301076,1909f56bfc062723c751e8b465ee728b) [PhysX] Initialized MultithreadedTaskDispatcher with 16 workers.
[PhysX] Initialized MultithreadedTaskDispatcher with 16 workers.
 -> (artifact id: '374a4225478a10d3915501d8b76f44e7') in 0.014809 seconds
Number of updated asset objects reloaded before import = 0
Number of asset objects unloaded after import = 3
========================================================================
Received Import Request.
  Time since last request: 0.000018 seconds.
  path: Assets/Visual Assets/Oryx/uf_terrain/floor_set_dark_8.png
  artifactKey: Guid(35dcbe34228a1614a931b1138f3096cb) Importer(815301076,1909f56bfc062723c751e8b465ee728b)
Start importing Assets/Visual Assets/Oryx/uf_terrain/floor_set_dark_8.png using Guid(35dcbe34228a1614a931b1138f3096cb) Importer(815301076,1909f56bfc062723c751e8b465ee728b) [PhysX] Initialized MultithreadedTaskDispatcher with 16 workers.
[PhysX] Initialized MultithreadedTaskDispatcher with 16 workers.
 -> (artifact id: 'd41cfd784966e67954da1bab91f2043c') in 0.014974 seconds
Number of updated asset objects reloaded before import = 0
Number of asset objects unloaded after import = 3
========================================================================
Received Import Request.
  Time since last request: 0.000015 seconds.
  path: Assets/Visual Assets/Oryx/uf_terrain/floor_extra_10.png
  artifactKey: Guid(811a47d78995fa3489ec65f11b89febf) Importer(815301076,1909f56bfc062723c751e8b465ee728b)
Start importing Assets/Visual Assets/Oryx/uf_terrain/floor_extra_10.png using Guid(811a47d78995fa3489ec65f11b89febf) Importer(815301076,1909f56bfc062723c751e8b465ee728b) [PhysX] Initialized MultithreadedTaskDispatcher with 16 workers.
[PhysX] Initialized MultithreadedTaskDispatcher with 16 workers.
 -> (artifact id: '4aa27eb3a0ea1d6706867b75a21d0c01') in 0.014552 seconds
Number of updated asset objects reloaded before import = 0
Number of asset objects unloaded after import = 3
========================================================================
Received Import Request.
  Time since last request: 0.000023 seconds.
  path: Assets/Visual Assets/Oryx/uf_terrain/floor_set_blue_6.png
  artifactKey: Guid(ae3905ed801236747ac9475f9ee35665) Importer(815301076,1909f56bfc062723c751e8b465ee728b)
Start importing Assets/Visual Assets/Oryx/uf_terrain/floor_set_blue_6.png using Guid(ae3905ed801236747ac9475f9ee35665) Importer(815301076,1909f56bfc062723c751e8b465ee728b) [PhysX] Initialized MultithreadedTaskDispatcher with 16 workers.
[PhysX] Initialized MultithreadedTaskDispatcher with 16 workers.
 -> (artifact id: 'f52639c0e9199490852e0b073440545f') in 0.015730 seconds
Number of updated asset objects reloaded before import = 0
Number of asset objects unloaded after import = 3
========================================================================
Received Import Request.
  Time since last request: 0.000017 seconds.
  path: Assets/Visual Assets/Oryx/uf_terrain/floor_set_blue_5.png
  artifactKey: Guid(f7f10ca8ed5fe4648b1c9f2a205d72bf) Importer(815301076,1909f56bfc062723c751e8b465ee728b)
Start importing Assets/Visual Assets/Oryx/uf_terrain/floor_set_blue_5.png using Guid(f7f10ca8ed5fe4648b1c9f2a205d72bf) Importer(815301076,1909f56bfc062723c751e8b465ee728b) [PhysX] Initialized MultithreadedTaskDispatcher with 16 workers.
[PhysX] Initialized MultithreadedTaskDispatcher with 16 workers.
 -> (artifact id: 'bae79a69d736d5b7335668320a3c04f7') in 0.016486 seconds
Number of updated asset objects reloaded before import = 0
Number of asset objects unloaded after import = 3
========================================================================
Received Import Request.
  Time since last request: 0.000019 seconds.
  path: Assets/Visual Assets/Oryx/uf_terrain/floor_set_blue_8.png
  artifactKey: Guid(9d852b31a22d1844e810c2a02f69e004) Importer(815301076,1909f56bfc062723c751e8b465ee728b)
Start importing Assets/Visual Assets/Oryx/uf_terrain/floor_set_blue_8.png using Guid(9d852b31a22d1844e810c2a02f69e004) Importer(815301076,1909f56bfc062723c751e8b465ee728b) [PhysX] Initialized MultithreadedTaskDispatcher with 16 workers.
[PhysX] Initialized MultithreadedTaskDispatcher with 16 workers.
 -> (artifact id: '50e75817490d97bdf5af911e0d633330') in 0.013972 seconds
Number of updated asset objects reloaded before import = 0
Number of asset objects unloaded after import = 3
========================================================================
Received Import Request.
  Time since last request: 0.000022 seconds.
  path: Assets/Visual Assets/Oryx/uf_terrain/floor_set_dark_4.png
  artifactKey: Guid(83d4656e62dbc2d41b6b2e30fc56d849) Importer(815301076,1909f56bfc062723c751e8b465ee728b)
Start importing Assets/Visual Assets/Oryx/uf_terrain/floor_set_dark_4.png using Guid(83d4656e62dbc2d41b6b2e30fc56d849) Importer(815301076,1909f56bfc062723c751e8b465ee728b) [PhysX] Initialized MultithreadedTaskDispatcher with 16 workers.
[PhysX] Initialized MultithreadedTaskDispatcher with 16 workers.
 -> (artifact id: '38da7e940667588168fe76f15766aa36') in 0.015316 seconds
Number of updated asset objects reloaded before import = 0
Number of asset objects unloaded after import = 3
========================================================================
Received Import Request.
  Time since last request: 0.136161 seconds.
  path: Assets/Visual Assets/Oryx/uf_terrain/floor_set_grey_10.png
  artifactKey: Guid(bc8a27799970c464cbbe04d78fa4930d) Importer(815301076,1909f56bfc062723c751e8b465ee728b)
Start importing Assets/Visual Assets/Oryx/uf_terrain/floor_set_grey_10.png using Guid(bc8a27799970c464cbbe04d78fa4930d) Importer(815301076,1909f56bfc062723c751e8b465ee728b) [PhysX] Initialized MultithreadedTaskDispatcher with 16 workers.
[PhysX] Initialized MultithreadedTaskDispatcher with 16 workers.
 -> (artifact id: 'b8e11303e42b70924a1963d65cd0fc4e') in 0.020620 seconds
Number of updated asset objects reloaded before import = 0
Number of asset objects unloaded after import = 3
========================================================================
Received Import Request.
  Time since last request: 0.000021 seconds.
  path: Assets/Visual Assets/Oryx/uf_terrain/ground_crusted_light.png
  artifactKey: Guid(4d38e7c21485f874190580ee42472b76) Importer(815301076,1909f56bfc062723c751e8b465ee728b)
Start importing Assets/Visual Assets/Oryx/uf_terrain/ground_crusted_light.png using Guid(4d38e7c21485f874190580ee42472b76) Importer(815301076,1909f56bfc062723c751e8b465ee728b) [PhysX] Initialized MultithreadedTaskDispatcher with 16 workers.
[PhysX] Initialized MultithreadedTaskDispatcher with 16 workers.
 -> (artifact id: 'ef572ed03634622ebbb967107adf9c5b') in 0.016976 seconds
Number of updated asset objects reloaded before import = 0
Number of asset objects unloaded after import = 3
========================================================================
Received Import Request.
  Time since last request: 0.000016 seconds.
  path: Assets/Visual Assets/Oryx/uf_terrain/floor_tile_sandy_3.png
  artifactKey: Guid(43ba5c3acf150eb418a439a00ee2bb6d) Importer(815301076,1909f56bfc062723c751e8b465ee728b)
Start importing Assets/Visual Assets/Oryx/uf_terrain/floor_tile_sandy_3.png using Guid(43ba5c3acf150eb418a439a00ee2bb6d) Importer(815301076,1909f56bfc062723c751e8b465ee728b) [PhysX] Initialized MultithreadedTaskDispatcher with 16 workers.
[PhysX] Initialized MultithreadedTaskDispatcher with 16 workers.
 -> (artifact id: '6eb9176b61d8c804ebe6be936d422a7c') in 0.014963 seconds
Number of updated asset objects reloaded before import = 0
Number of asset objects unloaded after import = 3
========================================================================
Received Import Request.
  Time since last request: 0.000017 seconds.
  path: Assets/Visual Assets/Oryx/uf_terrain/ground_dirt_brown.png
  artifactKey: Guid(0ed93472d8d5b344cbbbc2ef99cb4deb) Importer(815301076,1909f56bfc062723c751e8b465ee728b)
Start importing Assets/Visual Assets/Oryx/uf_terrain/ground_dirt_brown.png using Guid(0ed93472d8d5b344cbbbc2ef99cb4deb) Importer(815301076,1909f56bfc062723c751e8b465ee728b) [PhysX] Initialized MultithreadedTaskDispatcher with 16 workers.
[PhysX] Initialized MultithreadedTaskDispatcher with 16 workers.
 -> (artifact id: '9eb1864bb47615a5045dd1a9ebeb18c2') in 0.021924 seconds
Number of updated asset objects reloaded before import = 0
Number of asset objects unloaded after import = 3
========================================================================
Received Import Request.
  Time since last request: 0.000014 seconds.
  path: Assets/Visual Assets/Oryx/uf_terrain/fountain1.png
  artifactKey: Guid(e31dafa79bb8caa4db9eb1f71de721d1) Importer(815301076,1909f56bfc062723c751e8b465ee728b)
Start importing Assets/Visual Assets/Oryx/uf_terrain/fountain1.png using Guid(e31dafa79bb8caa4db9eb1f71de721d1) Importer(815301076,1909f56bfc062723c751e8b465ee728b) [PhysX] Initialized MultithreadedTaskDispatcher with 16 workers.
[PhysX] Initialized MultithreadedTaskDispatcher with 16 workers.
 -> (artifact id: '704c26c0c6cefaa90bc938a745bd1f9b') in 0.014329 seconds
Number of updated asset objects reloaded before import = 0
Number of asset objects unloaded after import = 3
========================================================================
Received Import Request.
  Time since last request: 0.000015 seconds.
  path: Assets/Visual Assets/Oryx/uf_terrain/ground_crusted_2.png
  artifactKey: Guid(89ce3220e8a71754e98f17ecea17a09c) Importer(815301076,1909f56bfc062723c751e8b465ee728b)
Start importing Assets/Visual Assets/Oryx/uf_terrain/ground_crusted_2.png using Guid(89ce3220e8a71754e98f17ecea17a09c) Importer(815301076,1909f56bfc062723c751e8b465ee728b) [PhysX] Initialized MultithreadedTaskDispatcher with 16 workers.
[PhysX] Initialized MultithreadedTaskDispatcher with 16 workers.
 -> (artifact id: 'cbb636c950577fd20b84b46b1cf41e2b') in 0.015923 seconds
Number of updated asset objects reloaded before import = 0
Number of asset objects unloaded after import = 3
========================================================================
Received Import Request.
  Time since last request: 0.000018 seconds.
  path: Assets/Visual Assets/Oryx/uf_terrain/floor_tile_sandy.png
  artifactKey: Guid(3c3fc275acace7d40b070b00c0240fc4) Importer(815301076,1909f56bfc062723c751e8b465ee728b)
Start importing Assets/Visual Assets/Oryx/uf_terrain/floor_tile_sandy.png using Guid(3c3fc275acace7d40b070b00c0240fc4) Importer(815301076,1909f56bfc062723c751e8b465ee728b) [PhysX] Initialized MultithreadedTaskDispatcher with 16 workers.
[PhysX] Initialized MultithreadedTaskDispatcher with 16 workers.
 -> (artifact id: 'ba99b378f008ca151ab1998f2ab5dd69') in 0.015328 seconds
Number of updated asset objects reloaded before import = 0
Number of asset objects unloaded after import = 3
========================================================================
Received Import Request.
  Time since last request: 0.000021 seconds.
  path: Assets/Visual Assets/Oryx/uf_terrain/grave_broken.png
  artifactKey: Guid(5e8672f015740604d91166c6df6e3110) Importer(815301076,1909f56bfc062723c751e8b465ee728b)
Start importing Assets/Visual Assets/Oryx/uf_terrain/grave_broken.png using Guid(5e8672f015740604d91166c6df6e3110) Importer(815301076,1909f56bfc062723c751e8b465ee728b) [PhysX] Initialized MultithreadedTaskDispatcher with 16 workers.
[PhysX] Initialized MultithreadedTaskDispatcher with 16 workers.
 -> (artifact id: 'd0e00ec6d3e59f53fcecd712407aeca4') in 0.013025 seconds
Number of updated asset objects reloaded before import = 0
Number of asset objects unloaded after import = 3
========================================================================
Received Import Request.
  Time since last request: 0.000056 seconds.
  path: Assets/Visual Assets/Oryx/uf_terrain/fountain2.png
  artifactKey: Guid(ff514f8712caaaa448b7a0b51fdb4030) Importer(815301076,1909f56bfc062723c751e8b465ee728b)
Start importing Assets/Visual Assets/Oryx/uf_terrain/fountain2.png using Guid(ff514f8712caaaa448b7a0b51fdb4030) Importer(815301076,1909f56bfc062723c751e8b465ee728b) [PhysX] Initialized MultithreadedTaskDispatcher with 16 workers.
[PhysX] Initialized MultithreadedTaskDispatcher with 16 workers.
 -> (artifact id: 'd95e2195b814d4325a55900f759bde47') in 0.014764 seconds
Number of updated asset objects reloaded before import = 0
Number of asset objects unloaded after import = 3
========================================================================
Received Import Request.
  Time since last request: 0.064116 seconds.
  path: Assets/Visual Assets/Oryx/uf_terrain/ground_dirt_dark.png
  artifactKey: Guid(d90e90b43da355443a9aa2f9194b98f5) Importer(815301076,1909f56bfc062723c751e8b465ee728b)
Start importing Assets/Visual Assets/Oryx/uf_terrain/ground_dirt_dark.png using Guid(d90e90b43da355443a9aa2f9194b98f5) Importer(815301076,1909f56bfc062723c751e8b465ee728b) [PhysX] Initialized MultithreadedTaskDispatcher with 16 workers.
[PhysX] Initialized MultithreadedTaskDispatcher with 16 workers.
 -> (artifact id: '88ae43f66b157b2eba4d3c58e7b675b8') in 0.017907 seconds
Number of updated asset objects reloaded before import = 0
Number of asset objects unloaded after import = 3
========================================================================
Received Import Request.
  Time since last request: 0.000017 seconds.
  path: Assets/Visual Assets/Oryx/uf_terrain/ground_grass_1.png
  artifactKey: Guid(46eaed33922c4944398db0b510f5211f) Importer(815301076,1909f56bfc062723c751e8b465ee728b)
Start importing Assets/Visual Assets/Oryx/uf_terrain/ground_grass_1.png using Guid(46eaed33922c4944398db0b510f5211f) Importer(815301076,1909f56bfc062723c751e8b465ee728b) [PhysX] Initialized MultithreadedTaskDispatcher with 16 workers.
[PhysX] Initialized MultithreadedTaskDispatcher with 16 workers.
 -> (artifact id: '9414b764b54726753ce5516c882f51e4') in 0.017139 seconds
Number of updated asset objects reloaded before import = 0
Number of asset objects unloaded after import = 3
========================================================================
Received Import Request.
  Time since last request: 0.000015 seconds.
  path: Assets/Visual Assets/Oryx/uf_terrain/ground_grass_burnt.png
  artifactKey: Guid(1a599f205d25de34a8a66075b3eba76b) Importer(815301076,1909f56bfc062723c751e8b465ee728b)
Start importing Assets/Visual Assets/Oryx/uf_terrain/ground_grass_burnt.png using Guid(1a599f205d25de34a8a66075b3eba76b) Importer(815301076,1909f56bfc062723c751e8b465ee728b) [PhysX] Initialized MultithreadedTaskDispatcher with 16 workers.
[PhysX] Initialized MultithreadedTaskDispatcher with 16 workers.
 -> (artifact id: '992a993ae6ef5b1a2fa9d98cdfa7a74d') in 0.015082 seconds
Number of updated asset objects reloaded before import = 0
Number of asset objects unloaded after import = 3
========================================================================
Received Import Request.
  Time since last request: 0.000022 seconds.
  path: Assets/Visual Assets/Oryx/uf_terrain/rune.png
  artifactKey: Guid(47e44dcaf9cabec439bbc1e48f4d7e6e) Importer(815301076,1909f56bfc062723c751e8b465ee728b)
Start importing Assets/Visual Assets/Oryx/uf_terrain/rune.png using Guid(47e44dcaf9cabec439bbc1e48f4d7e6e) Importer(815301076,1909f56bfc062723c751e8b465ee728b) [PhysX] Initialized MultithreadedTaskDispatcher with 16 workers.
[PhysX] Initialized MultithreadedTaskDispatcher with 16 workers.
 -> (artifact id: '241a7eea640b018a94cd054595a861c3') in 0.014504 seconds
Number of updated asset objects reloaded before import = 0
Number of asset objects unloaded after import = 3
========================================================================
Received Import Request.
  Time since last request: 0.000048 seconds.
  path: Assets/Visual Assets/Oryx/uf_terrain/torch1.png
  artifactKey: Guid(abc50bc776719a8408a56e31fbadf6f8) Importer(815301076,1909f56bfc062723c751e8b465ee728b)
Start importing Assets/Visual Assets/Oryx/uf_terrain/torch1.png using Guid(abc50bc776719a8408a56e31fbadf6f8) Importer(815301076,1909f56bfc062723c751e8b465ee728b) [PhysX] Initialized MultithreadedTaskDispatcher with 16 workers.
[PhysX] Initialized MultithreadedTaskDispatcher with 16 workers.
 -> (artifact id: '883e3570e01c098326c2174c165ce8cb') in 0.016740 seconds
Number of updated asset objects reloaded before import = 0
Number of asset objects unloaded after import = 3
========================================================================
Received Import Request.
  Time since last request: 0.000022 seconds.
  path: Assets/Visual Assets/Oryx/uf_terrain/ground_dirt_dark_3.png
  artifactKey: Guid(f19c851bed947da4a8fda5a560205d09) Importer(815301076,1909f56bfc062723c751e8b465ee728b)
Start importing Assets/Visual Assets/Oryx/uf_terrain/ground_dirt_dark_3.png using Guid(f19c851bed947da4a8fda5a560205d09) Importer(815301076,1909f56bfc062723c751e8b465ee728b) [PhysX] Initialized MultithreadedTaskDispatcher with 16 workers.
[PhysX] Initialized MultithreadedTaskDispatcher with 16 workers.
 -> (artifact id: '7754a5145b2124d7b4c7e051dffdb8d4') in 0.014909 seconds
Number of updated asset objects reloaded before import = 0
Number of asset objects unloaded after import = 3
========================================================================
Received Import Request.
  Time since last request: 0.000019 seconds.
  path: Assets/Visual Assets/Oryx/uf_terrain/uf_terrain__18.png
  artifactKey: Guid(e9f82736be2938141a8e933aa76a087a) Importer(815301076,1909f56bfc062723c751e8b465ee728b)
Start importing Assets/Visual Assets/Oryx/uf_terrain/uf_terrain__18.png using Guid(e9f82736be2938141a8e933aa76a087a) Importer(815301076,1909f56bfc062723c751e8b465ee728b) [PhysX] Initialized MultithreadedTaskDispatcher with 16 workers.
[PhysX] Initialized MultithreadedTaskDispatcher with 16 workers.
 -> (artifact id: '7450b946019a14f75199cd2818b6e7bb') in 0.016157 seconds
Number of updated asset objects reloaded before import = 0
Number of asset objects unloaded after import = 3
========================================================================
Received Import Request.
  Time since last request: 0.000019 seconds.
  path: Assets/Visual Assets/Oryx/uf_terrain/wall_cave_1.png
  artifactKey: Guid(fd5ebce610dfe85408145f1e4cbce33a) Importer(815301076,1909f56bfc062723c751e8b465ee728b)
Start importing Assets/Visual Assets/Oryx/uf_terrain/wall_cave_1.png using Guid(fd5ebce610dfe85408145f1e4cbce33a) Importer(815301076,1909f56bfc062723c751e8b465ee728b) [PhysX] Initialized MultithreadedTaskDispatcher with 16 workers.
[PhysX] Initialized MultithreadedTaskDispatcher with 16 workers.
 -> (artifact id: 'c89ab7a57a78af9a4338ed85a96674b8') in 0.015550 seconds
Number of updated asset objects reloaded before import = 0
Number of asset objects unloaded after import = 3
========================================================================
Received Import Request.
  Time since last request: 0.000026 seconds.
  path: Assets/Visual Assets/Oryx/uf_terrain/uf_terrain__13.png
  artifactKey: Guid(c79b00a4c2fd5c445b89d69f795c2b6b) Importer(815301076,1909f56bfc062723c751e8b465ee728b)
Start importing Assets/Visual Assets/Oryx/uf_terrain/uf_terrain__13.png using Guid(c79b00a4c2fd5c445b89d69f795c2b6b) Importer(815301076,1909f56bfc062723c751e8b465ee728b) [PhysX] Initialized MultithreadedTaskDispatcher with 16 workers.
[PhysX] Initialized MultithreadedTaskDispatcher with 16 workers.
 -> (artifact id: '46365616ad65a57cc98e80f3937fac4f') in 0.006756 seconds
Number of updated asset objects reloaded before import = 0
Number of asset objects unloaded after import = 3
========================================================================
Received Import Request.
  Time since last request: 0.000024 seconds.
  path: Assets/Visual Assets/Oryx/uf_terrain/uf_terrain__3.png
  artifactKey: Guid(403afe778d0b7774b87ad957351d1262) Importer(815301076,1909f56bfc062723c751e8b465ee728b)
Start importing Assets/Visual Assets/Oryx/uf_terrain/uf_terrain__3.png using Guid(403afe778d0b7774b87ad957351d1262) Importer(815301076,1909f56bfc062723c751e8b465ee728b) [PhysX] Initialized MultithreadedTaskDispatcher with 16 workers.
[PhysX] Initialized MultithreadedTaskDispatcher with 16 workers.
 -> (artifact id: '18d8c244f8f4acd5c7abe6a358060317') in 0.015062 seconds
Number of updated asset objects reloaded before import = 0
Number of asset objects unloaded after import = 3
========================================================================
Received Import Request.
  Time since last request: 0.000016 seconds.
  path: Assets/Visual Assets/Oryx/uf_terrain/rune_3.png
  artifactKey: Guid(41f5f27e54901da42960052a8a1538df) Importer(815301076,1909f56bfc062723c751e8b465ee728b)
Start importing Assets/Visual Assets/Oryx/uf_terrain/rune_3.png using Guid(41f5f27e54901da42960052a8a1538df) Importer(815301076,1909f56bfc062723c751e8b465ee728b) [PhysX] Initialized MultithreadedTaskDispatcher with 16 workers.
[PhysX] Initialized MultithreadedTaskDispatcher with 16 workers.
 -> (artifact id: 'ad1d0e01ee96e51915cfdeceba6ed60c') in 0.013725 seconds
Number of updated asset objects reloaded before import = 0
Number of asset objects unloaded after import = 3
========================================================================
Received Import Request.
  Time since last request: 0.000020 seconds.
  path: Assets/Visual Assets/Oryx/uf_terrain/wall_cave_2.png
  artifactKey: Guid(d6a6dd746d513ff41bf10cea0cb6d451) Importer(815301076,1909f56bfc062723c751e8b465ee728b)
Start importing Assets/Visual Assets/Oryx/uf_terrain/wall_cave_2.png using Guid(d6a6dd746d513ff41bf10cea0cb6d451) Importer(815301076,1909f56bfc062723c751e8b465ee728b) [PhysX] Initialized MultithreadedTaskDispatcher with 16 workers.
[PhysX] Initialized MultithreadedTaskDispatcher with 16 workers.
 -> (artifact id: '9ef59f0a7a2085aced05e97eecf0aa62') in 0.016588 seconds
Number of updated asset objects reloaded before import = 0
Number of asset objects unloaded after import = 3
========================================================================
Received Import Request.
  Time since last request: 0.000017 seconds.
  path: Assets/Visual Assets/Oryx/uf_terrain/uf_terrain__21.png
  artifactKey: Guid(b2adb241f5def7c4ba9936e63e8c19b3) Importer(815301076,1909f56bfc062723c751e8b465ee728b)
Start importing Assets/Visual Assets/Oryx/uf_terrain/uf_terrain__21.png using Guid(b2adb241f5def7c4ba9936e63e8c19b3) Importer(815301076,1909f56bfc062723c751e8b465ee728b) [PhysX] Initialized MultithreadedTaskDispatcher with 16 workers.
[PhysX] Initialized MultithreadedTaskDispatcher with 16 workers.
 -> (artifact id: 'bba16495cb351b285f84a20532a7b4b2') in 0.014041 seconds
Number of updated asset objects reloaded before import = 0
Number of asset objects unloaded after import = 3
========================================================================
Received Import Request.
  Time since last request: 0.000019 seconds.
  path: Assets/Visual Assets/Oryx/uf_terrain/table.png
  artifactKey: Guid(5724bf15bef0112439a2a1d300c3ff4c) Importer(815301076,1909f56bfc062723c751e8b465ee728b)
Start importing Assets/Visual Assets/Oryx/uf_terrain/table.png using Guid(5724bf15bef0112439a2a1d300c3ff4c) Importer(815301076,1909f56bfc062723c751e8b465ee728b) [PhysX] Initialized MultithreadedTaskDispatcher with 16 workers.
[PhysX] Initialized MultithreadedTaskDispatcher with 16 workers.
 -> (artifact id: 'f2bc2657dfa309138e414d3ba9b2687c') in 0.015731 seconds
Number of updated asset objects reloaded before import = 0
Number of asset objects unloaded after import = 3
========================================================================
Received Import Request.
  Time since last request: 0.000021 seconds.
  path: Assets/Visual Assets/Oryx/uf_terrain/puddle_large.png
  artifactKey: Guid(2d54cc34d553e06448525e2e330662ac) Importer(815301076,1909f56bfc062723c751e8b465ee728b)
Start importing Assets/Visual Assets/Oryx/uf_terrain/puddle_large.png using Guid(2d54cc34d553e06448525e2e330662ac) Importer(815301076,1909f56bfc062723c751e8b465ee728b) [PhysX] Initialized MultithreadedTaskDispatcher with 16 workers.
[PhysX] Initialized MultithreadedTaskDispatcher with 16 workers.
 -> (artifact id: 'aa2b3e5c7714c109b4b0273cda941834') in 0.017010 seconds
Number of updated asset objects reloaded before import = 0
Number of asset objects unloaded after import = 3
========================================================================
Received Import Request.
  Time since last request: 0.000016 seconds.
  path: Assets/Visual Assets/Oryx/uf_terrain/uf_terrain__15.png
  artifactKey: Guid(22dbd369aa161224da56e3763c1b6d88) Importer(815301076,1909f56bfc062723c751e8b465ee728b)
Start importing Assets/Visual Assets/Oryx/uf_terrain/uf_terrain__15.png using Guid(22dbd369aa161224da56e3763c1b6d88) Importer(815301076,1909f56bfc062723c751e8b465ee728b) [PhysX] Initialized MultithreadedTaskDispatcher with 16 workers.
[PhysX] Initialized MultithreadedTaskDispatcher with 16 workers.
 -> (artifact id: 'af254f2507e32fe7311fd986f3a2f6ad') in 0.013637 seconds
Number of updated asset objects reloaded before import = 0
Number of asset objects unloaded after import = 3
========================================================================
Received Import Request.
  Time since last request: 0.000016 seconds.
  path: Assets/Visual Assets/Oryx/uf_terrain/ground_sand_2.png
  artifactKey: Guid(f389b3e394c476a44a5580247c51c28a) Importer(815301076,1909f56bfc062723c751e8b465ee728b)
Start importing Assets/Visual Assets/Oryx/uf_terrain/ground_sand_2.png using Guid(f389b3e394c476a44a5580247c51c28a) Importer(815301076,1909f56bfc062723c751e8b465ee728b) [PhysX] Initialized MultithreadedTaskDispatcher with 16 workers.
[PhysX] Initialized MultithreadedTaskDispatcher with 16 workers.
 -> (artifact id: '30eb3d2dd281cefd14295f990d8deff7') in 0.014719 seconds
Number of updated asset objects reloaded before import = 0
Number of asset objects unloaded after import = 3
========================================================================
Received Import Request.
  Time since last request: 0.000053 seconds.
  path: Assets/Visual Assets/Oryx/uf_terrain/torch2.png
  artifactKey: Guid(07595d615aa9465479e1aaef4040a20a) Importer(815301076,1909f56bfc062723c751e8b465ee728b)
Start importing Assets/Visual Assets/Oryx/uf_terrain/torch2.png using Guid(07595d615aa9465479e1aaef4040a20a) Importer(815301076,1909f56bfc062723c751e8b465ee728b) [PhysX] Initialized MultithreadedTaskDispatcher with 16 workers.
[PhysX] Initialized MultithreadedTaskDispatcher with 16 workers.
 -> (artifact id: '3a4293ae60d9ff94c33c8a8bf7d1e816') in 0.014911 seconds
Number of updated asset objects reloaded before import = 0
Number of asset objects unloaded after import = 3
========================================================================
Received Import Request.
  Time since last request: 0.000023 seconds.
  path: Assets/Visual Assets/Oryx/uf_terrain/uf_terrain__23.png
  artifactKey: Guid(f8adb0e3d31d4df4cade378306637720) Importer(815301076,1909f56bfc062723c751e8b465ee728b)
Start importing Assets/Visual Assets/Oryx/uf_terrain/uf_terrain__23.png using Guid(f8adb0e3d31d4df4cade378306637720) Importer(815301076,1909f56bfc062723c751e8b465ee728b) [PhysX] Initialized MultithreadedTaskDispatcher with 16 workers.
[PhysX] Initialized MultithreadedTaskDispatcher with 16 workers.
 -> (artifact id: '86338efcd3402b1ede83279b1294efe7') in 0.015290 seconds
Number of updated asset objects reloaded before import = 0
Number of asset objects unloaded after import = 3
========================================================================
Received Import Request.
  Time since last request: 0.000019 seconds.
  path: Assets/Visual Assets/Oryx/uf_terrain/lilypad_b2.png
  artifactKey: Guid(7948d894ff2b36740a5ad383bdf59085) Importer(815301076,1909f56bfc062723c751e8b465ee728b)
Start importing Assets/Visual Assets/Oryx/uf_terrain/lilypad_b2.png using Guid(7948d894ff2b36740a5ad383bdf59085) Importer(815301076,1909f56bfc062723c751e8b465ee728b) [PhysX] Initialized MultithreadedTaskDispatcher with 16 workers.
[PhysX] Initialized MultithreadedTaskDispatcher with 16 workers.
 -> (artifact id: '6aa96b9b01db9d69dc45a389a472e511') in 0.013758 seconds
Number of updated asset objects reloaded before import = 0
Number of asset objects unloaded after import = 3
========================================================================
Received Import Request.
  Time since last request: 0.000015 seconds.
  path: Assets/Visual Assets/Oryx/uf_terrain/puddle_large_2.png
  artifactKey: Guid(59901d5571ebb0340b00b7b181459842) Importer(815301076,1909f56bfc062723c751e8b465ee728b)
Start importing Assets/Visual Assets/Oryx/uf_terrain/puddle_large_2.png using Guid(59901d5571ebb0340b00b7b181459842) Importer(815301076,1909f56bfc062723c751e8b465ee728b) [PhysX] Initialized MultithreadedTaskDispatcher with 16 workers.
[PhysX] Initialized MultithreadedTaskDispatcher with 16 workers.
 -> (artifact id: '53289e16985fedb9f3670b0f3283c48c') in 0.014880 seconds
Number of updated asset objects reloaded before import = 0
Number of asset objects unloaded after import = 3
========================================================================
Received Import Request.
  Time since last request: 0.000020 seconds.
  path: Assets/Visual Assets/Oryx/uf_terrain/wall_cave_17.png
  artifactKey: Guid(38c63d1953cc5344e89e5e480cd95c4f) Importer(815301076,1909f56bfc062723c751e8b465ee728b)
Start importing Assets/Visual Assets/Oryx/uf_terrain/wall_cave_17.png using Guid(38c63d1953cc5344e89e5e480cd95c4f) Importer(815301076,1909f56bfc062723c751e8b465ee728b) [PhysX] Initialized MultithreadedTaskDispatcher with 16 workers.
[PhysX] Initialized MultithreadedTaskDispatcher with 16 workers.
 -> (artifact id: '4b502c64d378975dfcb52b70e1b416cb') in 0.012978 seconds
Number of updated asset objects reloaded before import = 0
Number of asset objects unloaded after import = 3
========================================================================
Received Import Request.
  Time since last request: 0.000015 seconds.
  path: Assets/Visual Assets/Oryx/uf_terrain/wall_crypt_4.png
  artifactKey: Guid(502d761825f97e448a13c9643a74d1df) Importer(815301076,1909f56bfc062723c751e8b465ee728b)
Start importing Assets/Visual Assets/Oryx/uf_terrain/wall_crypt_4.png using Guid(502d761825f97e448a13c9643a74d1df) Importer(815301076,1909f56bfc062723c751e8b465ee728b) [PhysX] Initialized MultithreadedTaskDispatcher with 16 workers.
[PhysX] Initialized MultithreadedTaskDispatcher with 16 workers.
 -> (artifact id: 'b538eefce9bd3800eda6892ad527446a') in 0.013659 seconds
Number of updated asset objects reloaded before import = 0
Number of asset objects unloaded after import = 3
========================================================================
Received Import Request.
  Time since last request: 0.000022 seconds.
  path: Assets/Visual Assets/Oryx/uf_terrain/wall_crypt_7.png
  artifactKey: Guid(a6aad48499065c4468dee88194b9ba41) Importer(815301076,1909f56bfc062723c751e8b465ee728b)
Start importing Assets/Visual Assets/Oryx/uf_terrain/wall_crypt_7.png using Guid(a6aad48499065c4468dee88194b9ba41) Importer(815301076,1909f56bfc062723c751e8b465ee728b) [PhysX] Initialized MultithreadedTaskDispatcher with 16 workers.
[PhysX] Initialized MultithreadedTaskDispatcher with 16 workers.
 -> (artifact id: 'c2a68a826c013e06308b9d935fbbde9b') in 0.013363 seconds
Number of updated asset objects reloaded before import = 0
Number of asset objects unloaded after import = 3
========================================================================
Received Import Request.
  Time since last request: 0.000028 seconds.
  path: Assets/Visual Assets/Oryx/uf_terrain/wall_cave_5.png
  artifactKey: Guid(70ac086e3684faa43af8bb24e47b244c) Importer(815301076,1909f56bfc062723c751e8b465ee728b)
Start importing Assets/Visual Assets/Oryx/uf_terrain/wall_cave_5.png using Guid(70ac086e3684faa43af8bb24e47b244c) Importer(815301076,1909f56bfc062723c751e8b465ee728b) [PhysX] Initialized MultithreadedTaskDispatcher with 16 workers.
[PhysX] Initialized MultithreadedTaskDispatcher with 16 workers.
 -> (artifact id: 'b121bd3874bfa9a8688b5a5aa6c41e12') in 0.016432 seconds
Number of updated asset objects reloaded before import = 0
Number of asset objects unloaded after import = 3
========================================================================
Received Import Request.
  Time since last request: 0.000019 seconds.
  path: Assets/Visual Assets/Oryx/uf_terrain/wall_crypt_6.png
  artifactKey: Guid(797360d18ac4dc04092b4cdc809add12) Importer(815301076,1909f56bfc062723c751e8b465ee728b)
Start importing Assets/Visual Assets/Oryx/uf_terrain/wall_crypt_6.png using Guid(797360d18ac4dc04092b4cdc809add12) Importer(815301076,1909f56bfc062723c751e8b465ee728b) [PhysX] Initialized MultithreadedTaskDispatcher with 16 workers.
[PhysX] Initialized MultithreadedTaskDispatcher with 16 workers.
 -> (artifact id: '98a6058e716b150097aa6f59a0333f2f') in 0.014209 seconds
Number of updated asset objects reloaded before import = 0
Number of asset objects unloaded after import = 3
========================================================================
Received Import Request.
  Time since last request: 0.000015 seconds.
  path: Assets/Visual Assets/Oryx/uf_terrain/wall_crypt_10.png
  artifactKey: Guid(137aa67fd4a003e4cb258832a3bffda1) Importer(815301076,1909f56bfc062723c751e8b465ee728b)
Start importing Assets/Visual Assets/Oryx/uf_terrain/wall_crypt_10.png using Guid(137aa67fd4a003e4cb258832a3bffda1) Importer(815301076,1909f56bfc062723c751e8b465ee728b) [PhysX] Initialized MultithreadedTaskDispatcher with 16 workers.
[PhysX] Initialized MultithreadedTaskDispatcher with 16 workers.
 -> (artifact id: 'f9a2b41d56402cdc2ff0d06236b7a667') in 0.014439 seconds
Number of updated asset objects reloaded before import = 0
Number of asset objects unloaded after import = 3
========================================================================
Received Import Request.
  Time since last request: 0.000017 seconds.
  path: Assets/Visual Assets/Oryx/uf_terrain/wall_cave_15.png
  artifactKey: Guid(351ffbde650679948ba1b67d8131d26d) Importer(815301076,1909f56bfc062723c751e8b465ee728b)
Start importing Assets/Visual Assets/Oryx/uf_terrain/wall_cave_15.png using Guid(351ffbde650679948ba1b67d8131d26d) Importer(815301076,1909f56bfc062723c751e8b465ee728b) [PhysX] Initialized MultithreadedTaskDispatcher with 16 workers.
[PhysX] Initialized MultithreadedTaskDispatcher with 16 workers.
 -> (artifact id: 'e1de83f7855df17e1e9e9af83348952c') in 0.015494 seconds
Number of updated asset objects reloaded before import = 0
Number of asset objects unloaded after import = 3
========================================================================
Received Import Request.
  Time since last request: 0.000020 seconds.
  path: Assets/Visual Assets/Oryx/uf_terrain/shadow_1.png
  artifactKey: Guid(3bc556745f6b7e04da8eb2273b1c4fdf) Importer(815301076,1909f56bfc062723c751e8b465ee728b)
Start importing Assets/Visual Assets/Oryx/uf_terrain/shadow_1.png using Guid(3bc556745f6b7e04da8eb2273b1c4fdf) Importer(815301076,1909f56bfc062723c751e8b465ee728b) [PhysX] Initialized MultithreadedTaskDispatcher with 16 workers.
[PhysX] Initialized MultithreadedTaskDispatcher with 16 workers.
 -> (artifact id: 'cbdf11022ff36345ef2243bb92b199ec') in 0.013239 seconds
Number of updated asset objects reloaded before import = 0
Number of asset objects unloaded after import = 3
========================================================================
Received Import Request.
  Time since last request: 0.000019 seconds.
  path: Assets/Visual Assets/Oryx/uf_terrain/wall_crypt.png
  artifactKey: Guid(a1a93d172d8c0b6488e1282c049f1d42) Importer(815301076,1909f56bfc062723c751e8b465ee728b)
Start importing Assets/Visual Assets/Oryx/uf_terrain/wall_crypt.png using Guid(a1a93d172d8c0b6488e1282c049f1d42) Importer(815301076,1909f56bfc062723c751e8b465ee728b) [PhysX] Initialized MultithreadedTaskDispatcher with 16 workers.
[PhysX] Initialized MultithreadedTaskDispatcher with 16 workers.
 -> (artifact id: 'b70223adbce7c61540e770aab095edad') in 0.015211 seconds
Number of updated asset objects reloaded before import = 0
Number of asset objects unloaded after import = 3
========================================================================
Received Import Request.
  Time since last request: 0.000016 seconds.
  path: Assets/Visual Assets/Oryx/uf_terrain/wall_cave.png
  artifactKey: Guid(4f3adc2b95bafd44e80de2652a2d450d) Importer(815301076,1909f56bfc062723c751e8b465ee728b)
Start importing Assets/Visual Assets/Oryx/uf_terrain/wall_cave.png using Guid(4f3adc2b95bafd44e80de2652a2d450d) Importer(815301076,1909f56bfc062723c751e8b465ee728b) [PhysX] Initialized MultithreadedTaskDispatcher with 16 workers.
[PhysX] Initialized MultithreadedTaskDispatcher with 16 workers.
 -> (artifact id: 'e75324efee24cf04d90c4fe56d16dd48') in 0.014439 seconds
Number of updated asset objects reloaded before import = 0
Number of asset objects unloaded after import = 3
========================================================================
Received Import Request.
  Time since last request: 0.000017 seconds.
  path: Assets/Visual Assets/Oryx/uf_terrain/shadow_2.png
  artifactKey: Guid(ae2ecaaa3b1756a47ae8800e716bfc0b) Importer(815301076,1909f56bfc062723c751e8b465ee728b)
Start importing Assets/Visual Assets/Oryx/uf_terrain/shadow_2.png using Guid(ae2ecaaa3b1756a47ae8800e716bfc0b) Importer(815301076,1909f56bfc062723c751e8b465ee728b) [PhysX] Initialized MultithreadedTaskDispatcher with 16 workers.
[PhysX] Initialized MultithreadedTaskDispatcher with 16 workers.
 -> (artifact id: '57b941e9e9e65a7c1536f8f1ed4ca0f5') in 0.015089 seconds
Number of updated asset objects reloaded before import = 0
Number of asset objects unloaded after import = 3
========================================================================
Received Import Request.
  Time since last request: 0.000015 seconds.
  path: Assets/Visual Assets/Oryx/uf_terrain/wall_crypt_3.png
  artifactKey: Guid(cf197591db1c1bc4e81a1653c867a44b) Importer(815301076,1909f56bfc062723c751e8b465ee728b)
Start importing Assets/Visual Assets/Oryx/uf_terrain/wall_crypt_3.png using Guid(cf197591db1c1bc4e81a1653c867a44b) Importer(815301076,1909f56bfc062723c751e8b465ee728b) [PhysX] Initialized MultithreadedTaskDispatcher with 16 workers.
[PhysX] Initialized MultithreadedTaskDispatcher with 16 workers.
 -> (artifact id: 'c02fad1d6e41a25a5b9998962a042311') in 0.016628 seconds
Number of updated asset objects reloaded before import = 0
Number of asset objects unloaded after import = 3
========================================================================
Received Import Request.
  Time since last request: 0.000018 seconds.
  path: Assets/Visual Assets/Oryx/uf_terrain/wall_cave_4.png
  artifactKey: Guid(35996e3b1738da446bb073c1d869a6b9) Importer(815301076,1909f56bfc062723c751e8b465ee728b)
Start importing Assets/Visual Assets/Oryx/uf_terrain/wall_cave_4.png using Guid(35996e3b1738da446bb073c1d869a6b9) Importer(815301076,1909f56bfc062723c751e8b465ee728b) [PhysX] Initialized MultithreadedTaskDispatcher with 16 workers.
[PhysX] Initialized MultithreadedTaskDispatcher with 16 workers.
 -> (artifact id: 'd53cddefb505e23b14393050cb65a294') in 0.015425 seconds
Number of updated asset objects reloaded before import = 0
Number of asset objects unloaded after import = 3
========================================================================
Received Import Request.
  Time since last request: 0.000017 seconds.
  path: Assets/Visual Assets/Oryx/uf_terrain/statue_bottom.png
  artifactKey: Guid(a0d231855afe48747b9ea71382b8696f) Importer(815301076,1909f56bfc062723c751e8b465ee728b)
Start importing Assets/Visual Assets/Oryx/uf_terrain/statue_bottom.png using Guid(a0d231855afe48747b9ea71382b8696f) Importer(815301076,1909f56bfc062723c751e8b465ee728b) [PhysX] Initialized MultithreadedTaskDispatcher with 16 workers.
[PhysX] Initialized MultithreadedTaskDispatcher with 16 workers.
 -> (artifact id: '0b27366d86ebe5af5e01bbf2129a7b65') in 0.015224 seconds
Number of updated asset objects reloaded before import = 0
Number of asset objects unloaded after import = 3
========================================================================
Received Import Request.
  Time since last request: 0.000022 seconds.
  path: Assets/Visual Assets/Oryx/uf_terrain/uf_terrain__12.png
  artifactKey: Guid(01690bd5076c791469fa53505fa1fa22) Importer(815301076,1909f56bfc062723c751e8b465ee728b)
Start importing Assets/Visual Assets/Oryx/uf_terrain/uf_terrain__12.png using Guid(01690bd5076c791469fa53505fa1fa22) Importer(815301076,1909f56bfc062723c751e8b465ee728b) [PhysX] Initialized MultithreadedTaskDispatcher with 16 workers.
[PhysX] Initialized MultithreadedTaskDispatcher with 16 workers.
 -> (artifact id: '7a18b223220e6b3f7b0ad031ee067c8b') in 0.017265 seconds
Number of updated asset objects reloaded before import = 0
Number of asset objects unloaded after import = 3
========================================================================
Received Import Request.
  Time since last request: 0.000018 seconds.
  path: Assets/Visual Assets/Oryx/uf_terrain/wall_crypt_18.png
  artifactKey: Guid(c15bf9d2a43665247917d4f8c353aeff) Importer(815301076,1909f56bfc062723c751e8b465ee728b)
Start importing Assets/Visual Assets/Oryx/uf_terrain/wall_crypt_18.png using Guid(c15bf9d2a43665247917d4f8c353aeff) Importer(815301076,1909f56bfc062723c751e8b465ee728b) [PhysX] Initialized MultithreadedTaskDispatcher with 16 workers.
[PhysX] Initialized MultithreadedTaskDispatcher with 16 workers.
 -> (artifact id: '3233e92862dc5ba840915d9f03c86596') in 0.013564 seconds
Number of updated asset objects reloaded before import = 0
Number of asset objects unloaded after import = 3
========================================================================
Received Import Request.
  Time since last request: 0.000016 seconds.
  path: Assets/Visual Assets/Oryx/uf_terrain/wall_dungeon_3.png
  artifactKey: Guid(05c96a78fc10dfd45ab02ffede00992e) Importer(815301076,1909f56bfc062723c751e8b465ee728b)
Start importing Assets/Visual Assets/Oryx/uf_terrain/wall_dungeon_3.png using Guid(05c96a78fc10dfd45ab02ffede00992e) Importer(815301076,1909f56bfc062723c751e8b465ee728b) [PhysX] Initialized MultithreadedTaskDispatcher with 16 workers.
[PhysX] Initialized MultithreadedTaskDispatcher with 16 workers.
 -> (artifact id: '4e88764a646c0611044a9789ce3e1562') in 0.013826 seconds
Number of updated asset objects reloaded before import = 0
Number of asset objects unloaded after import = 3
========================================================================
Received Import Request.
  Time since last request: 0.000022 seconds.
  path: Assets/Visual Assets/Oryx/uf_terrain/wall_hedge_13.png
  artifactKey: Guid(2dd76015c67e2814e95baceac004ba1c) Importer(815301076,1909f56bfc062723c751e8b465ee728b)
Start importing Assets/Visual Assets/Oryx/uf_terrain/wall_hedge_13.png using Guid(2dd76015c67e2814e95baceac004ba1c) Importer(815301076,1909f56bfc062723c751e8b465ee728b) [PhysX] Initialized MultithreadedTaskDispatcher with 16 workers.
[PhysX] Initialized MultithreadedTaskDispatcher with 16 workers.
 -> (artifact id: '71f5b3cd5f61779252754e2385386de3') in 0.016876 seconds
Number of updated asset objects reloaded before import = 0
Number of asset objects unloaded after import = 3
========================================================================
Received Import Request.
  Time since last request: 0.000027 seconds.
  path: Assets/Visual Assets/Oryx/uf_terrain/wall_ruins_3.png
  artifactKey: Guid(00c425a5d138504468c0cb35f02ff2f7) Importer(815301076,1909f56bfc062723c751e8b465ee728b)
Start importing Assets/Visual Assets/Oryx/uf_terrain/wall_ruins_3.png using Guid(00c425a5d138504468c0cb35f02ff2f7) Importer(815301076,1909f56bfc062723c751e8b465ee728b) [PhysX] Initialized MultithreadedTaskDispatcher with 16 workers.
[PhysX] Initialized MultithreadedTaskDispatcher with 16 workers.
 -> (artifact id: '898cb42c4fe1281c9f01a5aa05c048dc') in 0.015534 seconds
Number of updated asset objects reloaded before import = 0
Number of asset objects unloaded after import = 3
========================================================================
Received Import Request.
  Time since last request: 0.000017 seconds.
  path: Assets/Visual Assets/Oryx/uf_terrain/wall_dungeon_7.png
  artifactKey: Guid(88625607b2df6bd4095d2d84323f0102) Importer(815301076,1909f56bfc062723c751e8b465ee728b)
Start importing Assets/Visual Assets/Oryx/uf_terrain/wall_dungeon_7.png using Guid(88625607b2df6bd4095d2d84323f0102) Importer(815301076,1909f56bfc062723c751e8b465ee728b) [PhysX] Initialized MultithreadedTaskDispatcher with 16 workers.
[PhysX] Initialized MultithreadedTaskDispatcher with 16 workers.
 -> (artifact id: 'f5f2290a7d0ffd6d26616fd6360962a4') in 0.013712 seconds
Number of updated asset objects reloaded before import = 0
Number of asset objects unloaded after import = 3
========================================================================
Received Import Request.
  Time since last request: 0.000023 seconds.
  path: Assets/Visual Assets/Oryx/uf_terrain/wall_ruins_1.png
  artifactKey: Guid(3315fcc5ffa65e440a2ac579594b9a65) Importer(815301076,1909f56bfc062723c751e8b465ee728b)
Start importing Assets/Visual Assets/Oryx/uf_terrain/wall_ruins_1.png using Guid(3315fcc5ffa65e440a2ac579594b9a65) Importer(815301076,1909f56bfc062723c751e8b465ee728b) [PhysX] Initialized MultithreadedTaskDispatcher with 16 workers.
[PhysX] Initialized MultithreadedTaskDispatcher with 16 workers.
 -> (artifact id: 'e9621986916ba93206c6e221e57ac068') in 0.014220 seconds
Number of updated asset objects reloaded before import = 0
Number of asset objects unloaded after import = 3
========================================================================
Received Import Request.
  Time since last request: 0.000018 seconds.
  path: Assets/Visual Assets/Oryx/uf_terrain/wall_dungeon_14.png
  artifactKey: Guid(9bd29516107054c458a01e2b60ca13af) Importer(815301076,1909f56bfc062723c751e8b465ee728b)
Start importing Assets/Visual Assets/Oryx/uf_terrain/wall_dungeon_14.png using Guid(9bd29516107054c458a01e2b60ca13af) Importer(815301076,1909f56bfc062723c751e8b465ee728b) [PhysX] Initialized MultithreadedTaskDispatcher with 16 workers.
[PhysX] Initialized MultithreadedTaskDispatcher with 16 workers.
 -> (artifact id: '5a696ee3ea1b8444d8e57051d33c1a6c') in 0.014639 seconds
Number of updated asset objects reloaded before import = 0
Number of asset objects unloaded after import = 3
========================================================================
Received Import Request.
  Time since last request: 0.000017 seconds.
  path: Assets/Visual Assets/Oryx/uf_terrain/wall_hedge.png
  artifactKey: Guid(bc757f236ff0d20468f2158dee856b76) Importer(815301076,1909f56bfc062723c751e8b465ee728b)
Start importing Assets/Visual Assets/Oryx/uf_terrain/wall_hedge.png using Guid(bc757f236ff0d20468f2158dee856b76) Importer(815301076,1909f56bfc062723c751e8b465ee728b) [PhysX] Initialized MultithreadedTaskDispatcher with 16 workers.
[PhysX] Initialized MultithreadedTaskDispatcher with 16 workers.
 -> (artifact id: '66e0c6ba1e6bf2947236b40477d25ed7') in 0.015430 seconds
Number of updated asset objects reloaded before import = 0
Number of asset objects unloaded after import = 3
========================================================================
Received Import Request.
  Time since last request: 0.000017 seconds.
  path: Assets/Visual Assets/Oryx/uf_terrain/wall_dungeon_9.png
  artifactKey: Guid(6727075c91e51f1489cd467f765b10f2) Importer(815301076,1909f56bfc062723c751e8b465ee728b)
Start importing Assets/Visual Assets/Oryx/uf_terrain/wall_dungeon_9.png using Guid(6727075c91e51f1489cd467f765b10f2) Importer(815301076,1909f56bfc062723c751e8b465ee728b) [PhysX] Initialized MultithreadedTaskDispatcher with 16 workers.
[PhysX] Initialized MultithreadedTaskDispatcher with 16 workers.
 -> (artifact id: 'c3a2520373cab9331fdc1431092f71bb') in 0.014171 seconds
Number of updated asset objects reloaded before import = 0
Number of asset objects unloaded after import = 3
========================================================================
Received Import Request.
  Time since last request: 0.000018 seconds.
  path: Assets/Visual Assets/Oryx/uf_terrain/wall_dungeon_13.png
  artifactKey: Guid(647569f3ab769864b9dfa93ca2b70040) Importer(815301076,1909f56bfc062723c751e8b465ee728b)
Start importing Assets/Visual Assets/Oryx/uf_terrain/wall_dungeon_13.png using Guid(647569f3ab769864b9dfa93ca2b70040) Importer(815301076,1909f56bfc062723c751e8b465ee728b) [PhysX] Initialized MultithreadedTaskDispatcher with 16 workers.
[PhysX] Initialized MultithreadedTaskDispatcher with 16 workers.
 -> (artifact id: 'e4e01c146a6e256e6aabd61a612e2bb3') in 0.014393 seconds
Number of updated asset objects reloaded before import = 0
Number of asset objects unloaded after import = 3
========================================================================
Received Import Request.
  Time since last request: 0.000020 seconds.
  path: Assets/Visual Assets/Oryx/uf_terrain/wall_hedge_18.png
  artifactKey: Guid(a56eb34a964eb2d48beb229cf250220b) Importer(815301076,1909f56bfc062723c751e8b465ee728b)
Start importing Assets/Visual Assets/Oryx/uf_terrain/wall_hedge_18.png using Guid(a56eb34a964eb2d48beb229cf250220b) Importer(815301076,1909f56bfc062723c751e8b465ee728b) [PhysX] Initialized MultithreadedTaskDispatcher with 16 workers.
[PhysX] Initialized MultithreadedTaskDispatcher with 16 workers.
 -> (artifact id: '7daad1dabb669d45cbded12372d0dfd1') in 0.015628 seconds
Number of updated asset objects reloaded before import = 0
Number of asset objects unloaded after import = 3
========================================================================
Received Import Request.
  Time since last request: 0.000018 seconds.
  path: Assets/Visual Assets/Oryx/uf_terrain/wall_dungeon_4.png
  artifactKey: Guid(9378f6b4f5258764487bebc63a3bfe27) Importer(815301076,1909f56bfc062723c751e8b465ee728b)
Start importing Assets/Visual Assets/Oryx/uf_terrain/wall_dungeon_4.png using Guid(9378f6b4f5258764487bebc63a3bfe27) Importer(815301076,1909f56bfc062723c751e8b465ee728b) [PhysX] Initialized MultithreadedTaskDispatcher with 16 workers.
[PhysX] Initialized MultithreadedTaskDispatcher with 16 workers.
 -> (artifact id: 'cbf51e56ae2d979391418cccbd1f792c') in 0.014099 seconds
Number of updated asset objects reloaded before import = 0
Number of asset objects unloaded after import = 3
========================================================================
Received Import Request.
  Time since last request: 0.000018 seconds.
  path: Assets/Visual Assets/Oryx/uf_terrain/wall_dungeon_12.png
  artifactKey: Guid(740c11f41b2dcf74e8c178470ed450fa) Importer(815301076,1909f56bfc062723c751e8b465ee728b)
Start importing Assets/Visual Assets/Oryx/uf_terrain/wall_dungeon_12.png using Guid(740c11f41b2dcf74e8c178470ed450fa) Importer(815301076,1909f56bfc062723c751e8b465ee728b) [PhysX] Initialized MultithreadedTaskDispatcher with 16 workers.
[PhysX] Initialized MultithreadedTaskDispatcher with 16 workers.
 -> (artifact id: '3b9ae2632a452599366b4e8148d73f84') in 0.015189 seconds
Number of updated asset objects reloaded before import = 0
Number of asset objects unloaded after import = 3
========================================================================
Received Import Request.
  Time since last request: 0.000017 seconds.
  path: Assets/Visual Assets/Oryx/uf_terrain/wall_ruins_2.png
  artifactKey: Guid(e1842bbfb0309584da34d52a2ae6ea99) Importer(815301076,1909f56bfc062723c751e8b465ee728b)
Start importing Assets/Visual Assets/Oryx/uf_terrain/wall_ruins_2.png using Guid(e1842bbfb0309584da34d52a2ae6ea99) Importer(815301076,1909f56bfc062723c751e8b465ee728b) [PhysX] Initialized MultithreadedTaskDispatcher with 16 workers.
[PhysX] Initialized MultithreadedTaskDispatcher with 16 workers.
 -> (artifact id: 'bc4479ad39561e71022eb5213e5875cc') in 0.015188 seconds
Number of updated asset objects reloaded before import = 0
Number of asset objects unloaded after import = 3
========================================================================
Received Import Request.
  Time since last request: 0.000028 seconds.
  path: Assets/Visual Assets/Oryx/uf_terrain/wall_crypt_17.png
  artifactKey: Guid(3050e0b5bded71846aa7bb22f1bd8f71) Importer(815301076,1909f56bfc062723c751e8b465ee728b)
Start importing Assets/Visual Assets/Oryx/uf_terrain/wall_crypt_17.png using Guid(3050e0b5bded71846aa7bb22f1bd8f71) Importer(815301076,1909f56bfc062723c751e8b465ee728b) [PhysX] Initialized MultithreadedTaskDispatcher with 16 workers.
[PhysX] Initialized MultithreadedTaskDispatcher with 16 workers.
 -> (artifact id: 'f56d8588e72986f01c553d7ec21d4c36') in 0.018851 seconds
Number of updated asset objects reloaded before import = 0
Number of asset objects unloaded after import = 3
========================================================================
Received Import Request.
  Time since last request: 0.000023 seconds.
  path: Assets/Visual Assets/Oryx/uf_terrain/wall_hedge_11.png
  artifactKey: Guid(0799791c89b0a1140852bf626ea0e4c6) Importer(815301076,1909f56bfc062723c751e8b465ee728b)
Start importing Assets/Visual Assets/Oryx/uf_terrain/wall_hedge_11.png using Guid(0799791c89b0a1140852bf626ea0e4c6) Importer(815301076,1909f56bfc062723c751e8b465ee728b) [PhysX] Initialized MultithreadedTaskDispatcher with 16 workers.
[PhysX] Initialized MultithreadedTaskDispatcher with 16 workers.
 -> (artifact id: '92226402de4f9960a03951b891c45b1b') in 0.014797 seconds
Number of updated asset objects reloaded before import = 0
Number of asset objects unloaded after import = 3
========================================================================
Received Import Request.
  Time since last request: 0.000020 seconds.
  path: Assets/Visual Assets/Oryx/uf_terrain/wall_dungeon_8.png
  artifactKey: Guid(6ea005d3edec5dc45b471d996dfb4b64) Importer(815301076,1909f56bfc062723c751e8b465ee728b)
Start importing Assets/Visual Assets/Oryx/uf_terrain/wall_dungeon_8.png using Guid(6ea005d3edec5dc45b471d996dfb4b64) Importer(815301076,1909f56bfc062723c751e8b465ee728b) [PhysX] Initialized MultithreadedTaskDispatcher with 16 workers.
[PhysX] Initialized MultithreadedTaskDispatcher with 16 workers.
 -> (artifact id: '65b5564157169c85e778c0414be336ac') in 0.015975 seconds
Number of updated asset objects reloaded before import = 0
Number of asset objects unloaded after import = 3
========================================================================
Received Import Request.
  Time since last request: 0.000020 seconds.
  path: Assets/Visual Assets/Oryx/uf_terrain/wall_ruins_6.png
  artifactKey: Guid(80700c735f6b22a4c884a41b73ad257e) Importer(815301076,1909f56bfc062723c751e8b465ee728b)
Start importing Assets/Visual Assets/Oryx/uf_terrain/wall_ruins_6.png using Guid(80700c735f6b22a4c884a41b73ad257e) Importer(815301076,1909f56bfc062723c751e8b465ee728b) [PhysX] Initialized MultithreadedTaskDispatcher with 16 workers.
[PhysX] Initialized MultithreadedTaskDispatcher with 16 workers.
 -> (artifact id: '308aae39087530feee84e7d2730ad506') in 0.014147 seconds
Number of updated asset objects reloaded before import = 0
Number of asset objects unloaded after import = 3
========================================================================
Received Import Request.
  Time since last request: 1.384369 seconds.
  path: Assets/Visual Assets/Oryx/uf_terrain/wall_ruins_9.png
  artifactKey: Guid(0779c4fb6d51f2d4cb5708694beaf192) Importer(815301076,1909f56bfc062723c751e8b465ee728b)
Start importing Assets/Visual Assets/Oryx/uf_terrain/wall_ruins_9.png using Guid(0779c4fb6d51f2d4cb5708694beaf192) Importer(815301076,1909f56bfc062723c751e8b465ee728b) [PhysX] Initialized MultithreadedTaskDispatcher with 16 workers.
[PhysX] Initialized MultithreadedTaskDispatcher with 16 workers.
 -> (artifact id: '3169b09b36f628ae5ceebfeb08feb060') in 0.020156 seconds
Number of updated asset objects reloaded before import = 0
Number of asset objects unloaded after import = 3
========================================================================
Received Import Request.
  Time since last request: 0.000017 seconds.
  path: Assets/Visual Assets/Oryx/uf_terrain/wall_ruins_13.png
  artifactKey: Guid(21343bd16ff9ff34eb4fc4fb613f5744) Importer(815301076,1909f56bfc062723c751e8b465ee728b)
Start importing Assets/Visual Assets/Oryx/uf_terrain/wall_ruins_13.png using Guid(21343bd16ff9ff34eb4fc4fb613f5744) Importer(815301076,1909f56bfc062723c751e8b465ee728b) [PhysX] Initialized MultithreadedTaskDispatcher with 16 workers.
[PhysX] Initialized MultithreadedTaskDispatcher with 16 workers.
 -> (artifact id: '6b689a326888e9ebfc7daa4135e707c8') in 0.014289 seconds
Number of updated asset objects reloaded before import = 0
Number of asset objects unloaded after import = 3
========================================================================
Received Import Request.
  Time since last request: 0.000018 seconds.
  path: Assets/Visual Assets/Oryx/uf_terrain/water_edging_11.png
  artifactKey: Guid(7c3f0333885a08449a9522fd2c40f583) Importer(815301076,1909f56bfc062723c751e8b465ee728b)
Start importing Assets/Visual Assets/Oryx/uf_terrain/water_edging_11.png using Guid(7c3f0333885a08449a9522fd2c40f583) Importer(815301076,1909f56bfc062723c751e8b465ee728b) [PhysX] Initialized MultithreadedTaskDispatcher with 16 workers.
[PhysX] Initialized MultithreadedTaskDispatcher with 16 workers.
 -> (artifact id: '5d5dca61f46e14ab76887fb812fe665b') in 0.024930 seconds
Number of updated asset objects reloaded before import = 0
Number of asset objects unloaded after import = 3
========================================================================
Received Import Request.
  Time since last request: 0.000021 seconds.
  path: Assets/Visual Assets/Oryx/uf_terrain/wall_stone_11.png
  artifactKey: Guid(b65767793ae6a194297058f9682ee989) Importer(815301076,1909f56bfc062723c751e8b465ee728b)
Start importing Assets/Visual Assets/Oryx/uf_terrain/wall_stone_11.png using Guid(b65767793ae6a194297058f9682ee989) Importer(815301076,1909f56bfc062723c751e8b465ee728b) [PhysX] Initialized MultithreadedTaskDispatcher with 16 workers.
[PhysX] Initialized MultithreadedTaskDispatcher with 16 workers.
 -> (artifact id: 'efe23bb050e821424ffa72610546d3aa') in 0.015230 seconds
Number of updated asset objects reloaded before import = 0
Number of asset objects unloaded after import = 3
========================================================================
Received Import Request.
  Time since last request: 0.000031 seconds.
  path: Assets/Visual Assets/Oryx/uf_terrain/water_blue_1.png
  artifactKey: Guid(ea320e237e9f91a4f93ab6cc7f6aade8) Importer(815301076,1909f56bfc062723c751e8b465ee728b)
Start importing Assets/Visual Assets/Oryx/uf_terrain/water_blue_1.png using Guid(ea320e237e9f91a4f93ab6cc7f6aade8) Importer(815301076,1909f56bfc062723c751e8b465ee728b) [PhysX] Initialized MultithreadedTaskDispatcher with 16 workers.
[PhysX] Initialized MultithreadedTaskDispatcher with 16 workers.
 -> (artifact id: '6b0c20ba174a7205b3612b7279d1abbc') in 0.014296 seconds
Number of updated asset objects reloaded before import = 0
Number of asset objects unloaded after import = 3
========================================================================
Received Import Request.
  Time since last request: 0.000018 seconds.
  path: Assets/Visual Assets/Oryx/uf_terrain/water_edging_2.png
  artifactKey: Guid(33957ac085804444ba065a11efa3b6b8) Importer(815301076,1909f56bfc062723c751e8b465ee728b)
Start importing Assets/Visual Assets/Oryx/uf_terrain/water_edging_2.png using Guid(33957ac085804444ba065a11efa3b6b8) Importer(815301076,1909f56bfc062723c751e8b465ee728b) [PhysX] Initialized MultithreadedTaskDispatcher with 16 workers.
[PhysX] Initialized MultithreadedTaskDispatcher with 16 workers.
 -> (artifact id: 'cbc4984914f9210aaf8f9d3edbe9e6bf') in 0.015321 seconds
Number of updated asset objects reloaded before import = 0
Number of asset objects unloaded after import = 3
========================================================================
Received Import Request.
  Time since last request: 0.000018 seconds.
  path: Assets/Visual Assets/Oryx/uf_terrain/water_blue_2.png
  artifactKey: Guid(3cf0b87793b31de4b8103a1c96812023) Importer(815301076,1909f56bfc062723c751e8b465ee728b)
Start importing Assets/Visual Assets/Oryx/uf_terrain/water_blue_2.png using Guid(3cf0b87793b31de4b8103a1c96812023) Importer(815301076,1909f56bfc062723c751e8b465ee728b) [PhysX] Initialized MultithreadedTaskDispatcher with 16 workers.
[PhysX] Initialized MultithreadedTaskDispatcher with 16 workers.
 -> (artifact id: '39b1196cc1cb8f66eaca76d244131add') in 0.015686 seconds
Number of updated asset objects reloaded before import = 0
Number of asset objects unloaded after import = 3
========================================================================
Received Import Request.
  Time since last request: 0.000018 seconds.
  path: Assets/Visual Assets/Oryx/uf_terrain/wall_stone_16.png
  artifactKey: Guid(d42c32cfd134f3942a46163f119d2706) Importer(815301076,1909f56bfc062723c751e8b465ee728b)
Start importing Assets/Visual Assets/Oryx/uf_terrain/wall_stone_16.png using Guid(d42c32cfd134f3942a46163f119d2706) Importer(815301076,1909f56bfc062723c751e8b465ee728b) [PhysX] Initialized MultithreadedTaskDispatcher with 16 workers.
[PhysX] Initialized MultithreadedTaskDispatcher with 16 workers.
 -> (artifact id: '5152c5d057764749f3f9e83fb5ba3f32') in 0.015376 seconds
Number of updated asset objects reloaded before import = 0
Number of asset objects unloaded after import = 3
========================================================================
Received Import Request.
  Time since last request: 0.000022 seconds.
  path: Assets/Visual Assets/Oryx/uf_terrain/wall_stone_14.png
  artifactKey: Guid(a6fcb9db7acacc04399eb8f7cb6c5c41) Importer(815301076,1909f56bfc062723c751e8b465ee728b)
Start importing Assets/Visual Assets/Oryx/uf_terrain/wall_stone_14.png using Guid(a6fcb9db7acacc04399eb8f7cb6c5c41) Importer(815301076,1909f56bfc062723c751e8b465ee728b) [PhysX] Initialized MultithreadedTaskDispatcher with 16 workers.
[PhysX] Initialized MultithreadedTaskDispatcher with 16 workers.
 -> (artifact id: 'b03857fbc45a20940e989a3c2b2b62e0') in 0.016303 seconds
Number of updated asset objects reloaded before import = 0
Number of asset objects unloaded after import = 3
========================================================================
Received Import Request.
  Time since last request: 0.000017 seconds.
  path: Assets/Visual Assets/Oryx/uf_terrain/wall_stone.png
  artifactKey: Guid(09c68efcbbfeefa4eb90b78e702926f5) Importer(815301076,1909f56bfc062723c751e8b465ee728b)
Start importing Assets/Visual Assets/Oryx/uf_terrain/wall_stone.png using Guid(09c68efcbbfeefa4eb90b78e702926f5) Importer(815301076,1909f56bfc062723c751e8b465ee728b) [PhysX] Initialized MultithreadedTaskDispatcher with 16 workers.
[PhysX] Initialized MultithreadedTaskDispatcher with 16 workers.
 -> (artifact id: '6dbf79a1018a9be98f697173ec646378') in 0.015200 seconds
Number of updated asset objects reloaded before import = 0
Number of asset objects unloaded after import = 3
========================================================================
Received Import Request.
  Time since last request: 0.000019 seconds.
  path: Assets/Visual Assets/Oryx/uf_terrain/water_edging_1.png
  artifactKey: Guid(4ebf12a24af128d48802349463d20aba) Importer(815301076,1909f56bfc062723c751e8b465ee728b)
Start importing Assets/Visual Assets/Oryx/uf_terrain/water_edging_1.png using Guid(4ebf12a24af128d48802349463d20aba) Importer(815301076,1909f56bfc062723c751e8b465ee728b) [PhysX] Initialized MultithreadedTaskDispatcher with 16 workers.
[PhysX] Initialized MultithreadedTaskDispatcher with 16 workers.
 -> (artifact id: '302113b938790723d81551bb0f1b17cf') in 0.016826 seconds
Number of updated asset objects reloaded before import = 0
Number of asset objects unloaded after import = 3
========================================================================
Received Import Request.
  Time since last request: 0.000017 seconds.
  path: Assets/Visual Assets/Oryx/uf_terrain/wall_stone_7.png
  artifactKey: Guid(09b063737ac213d4098b396eeea17fd5) Importer(815301076,1909f56bfc062723c751e8b465ee728b)
Start importing Assets/Visual Assets/Oryx/uf_terrain/wall_stone_7.png using Guid(09b063737ac213d4098b396eeea17fd5) Importer(815301076,1909f56bfc062723c751e8b465ee728b) [PhysX] Initialized MultithreadedTaskDispatcher with 16 workers.
[PhysX] Initialized MultithreadedTaskDispatcher with 16 workers.
 -> (artifact id: '133a5cb86cb5626f9fb45f0ec7e6a0bd') in 0.015445 seconds
Number of updated asset objects reloaded before import = 0
Number of asset objects unloaded after import = 3
========================================================================
Received Import Request.
  Time since last request: 0.000018 seconds.
  path: Assets/Visual Assets/Oryx/uf_terrain/wall_ruins_17.png
  artifactKey: Guid(827c07d7bdf9b7844b49d9f4a8a87ae1) Importer(815301076,1909f56bfc062723c751e8b465ee728b)
Start importing Assets/Visual Assets/Oryx/uf_terrain/wall_ruins_17.png using Guid(827c07d7bdf9b7844b49d9f4a8a87ae1) Importer(815301076,1909f56bfc062723c751e8b465ee728b) [PhysX] Initialized MultithreadedTaskDispatcher with 16 workers.
[PhysX] Initialized MultithreadedTaskDispatcher with 16 workers.
 -> (artifact id: 'ad3f45b67ca32e3f8d752e44b3d4b2ea') in 0.015488 seconds
Number of updated asset objects reloaded before import = 0
Number of asset objects unloaded after import = 3
========================================================================
Received Import Request.
  Time since last request: 0.000022 seconds.
  path: Assets/Visual Assets/Oryx/uf_terrain/water_edging_9.png
  artifactKey: Guid(f8af6400b228d4b4eab7bd1a3d376736) Importer(815301076,1909f56bfc062723c751e8b465ee728b)
Start importing Assets/Visual Assets/Oryx/uf_terrain/water_edging_9.png using Guid(f8af6400b228d4b4eab7bd1a3d376736) Importer(815301076,1909f56bfc062723c751e8b465ee728b) [PhysX] Initialized MultithreadedTaskDispatcher with 16 workers.
[PhysX] Initialized MultithreadedTaskDispatcher with 16 workers.
 -> (artifact id: 'a5cd4517621758d5855a495339ff5156') in 0.018176 seconds
Number of updated asset objects reloaded before import = 0
Number of asset objects unloaded after import = 3
========================================================================
Received Import Request.
  Time since last request: 0.000046 seconds.
  path: Assets/Visual Assets/Oryx/uf_terrain/water_lava_3.png
  artifactKey: Guid(d5c19896545fe4b4c9238f1570d4a281) Importer(815301076,1909f56bfc062723c751e8b465ee728b)
Start importing Assets/Visual Assets/Oryx/uf_terrain/water_lava_3.png using Guid(d5c19896545fe4b4c9238f1570d4a281) Importer(815301076,1909f56bfc062723c751e8b465ee728b) [PhysX] Initialized MultithreadedTaskDispatcher with 16 workers.
[PhysX] Initialized MultithreadedTaskDispatcher with 16 workers.
 -> (artifact id: '55e61d35e79b481bc128a52bbebc3dff') in 0.016289 seconds
Number of updated asset objects reloaded before import = 0
Number of asset objects unloaded after import = 3
========================================================================
Received Import Request.
  Time since last request: 0.000016 seconds.
  path: Assets/Visual Assets/Oryx/uf_terrain/water_lip.png
  artifactKey: Guid(65315817607f7e448aef5c024728c5d9) Importer(815301076,1909f56bfc062723c751e8b465ee728b)
Start importing Assets/Visual Assets/Oryx/uf_terrain/water_lip.png using Guid(65315817607f7e448aef5c024728c5d9) Importer(815301076,1909f56bfc062723c751e8b465ee728b) [PhysX] Initialized MultithreadedTaskDispatcher with 16 workers.
[PhysX] Initialized MultithreadedTaskDispatcher with 16 workers.
 -> (artifact id: '545c5651dac0fe332348827d73370b6b') in 0.016826 seconds
Number of updated asset objects reloaded before import = 0
Number of asset objects unloaded after import = 3
========================================================================
Received Import Request.
  Time since last request: 0.000019 seconds.
  path: Assets/Visual Assets/Oryx/uf_terrain/water_teal_3.png
  artifactKey: Guid(c653085861eeda949b8c1ae613f54267) Importer(815301076,1909f56bfc062723c751e8b465ee728b)
Start importing Assets/Visual Assets/Oryx/uf_terrain/water_teal_3.png using Guid(c653085861eeda949b8c1ae613f54267) Importer(815301076,1909f56bfc062723c751e8b465ee728b) [PhysX] Initialized MultithreadedTaskDispatcher with 16 workers.
[PhysX] Initialized MultithreadedTaskDispatcher with 16 workers.
 -> (artifact id: 'dfe28a235f745e38ce3851e122165f49') in 0.015614 seconds
Number of updated asset objects reloaded before import = 0
Number of asset objects unloaded after import = 3
========================================================================
Received Import Request.
  Time since last request: 0.000021 seconds.
  path: Assets/Visual Assets/Oryx/uf_terrain/web_3.png
  artifactKey: Guid(0a18002391203554ba548898f3bed8d6) Importer(815301076,1909f56bfc062723c751e8b465ee728b)
Start importing Assets/Visual Assets/Oryx/uf_terrain/web_3.png using Guid(0a18002391203554ba548898f3bed8d6) Importer(815301076,1909f56bfc062723c751e8b465ee728b) [PhysX] Initialized MultithreadedTaskDispatcher with 16 workers.
[PhysX] Initialized MultithreadedTaskDispatcher with 16 workers.
 -> (artifact id: '60609cfa1fd624301b2776ccf5bbc87d') in 0.013873 seconds
Number of updated asset objects reloaded before import = 0
Number of asset objects unloaded after import = 3
========================================================================
Received Import Request.
  Time since last request: 0.000027 seconds.
  path: Assets/Visual Assets/Oryx/uf_terrain/web_2.png
  artifactKey: Guid(546f7445d01be4c4a8e8d926d3c44b0a) Importer(815301076,1909f56bfc062723c751e8b465ee728b)
Start importing Assets/Visual Assets/Oryx/uf_terrain/web_2.png using Guid(546f7445d01be4c4a8e8d926d3c44b0a) Importer(815301076,1909f56bfc062723c751e8b465ee728b) [PhysX] Initialized MultithreadedTaskDispatcher with 16 workers.
[PhysX] Initialized MultithreadedTaskDispatcher with 16 workers.
 -> (artifact id: 'fae0f1581fdca3af0ddde7ac59c7c77d') in 0.015588 seconds
Number of updated asset objects reloaded before import = 0
Number of asset objects unloaded after import = 3
========================================================================
Received Import Request.
  Time since last request: 0.000025 seconds.
  path: Assets/Visual Assets/Oryx/uf_terrain/water_teal_1.png
  artifactKey: Guid(ff60478bff07bd54d91cf07559a28796) Importer(815301076,1909f56bfc062723c751e8b465ee728b)
Start importing Assets/Visual Assets/Oryx/uf_terrain/water_teal_1.png using Guid(ff60478bff07bd54d91cf07559a28796) Importer(815301076,1909f56bfc062723c751e8b465ee728b) [PhysX] Initialized MultithreadedTaskDispatcher with 16 workers.
[PhysX] Initialized MultithreadedTaskDispatcher with 16 workers.
 -> (artifact id: 'f3b41b5be1f717b2c20a7bdbfede0659') in 0.014248 seconds
Number of updated asset objects reloaded before import = 0
Number of asset objects unloaded after import = 3
========================================================================
Received Import Request.
  Time since last request: 0.000019 seconds.
  path: Assets/Visual Assets/Oryx/uf_terrain/web.png
  artifactKey: Guid(b3f1795639fa64e48bdba4ea4843602c) Importer(815301076,1909f56bfc062723c751e8b465ee728b)
Start importing Assets/Visual Assets/Oryx/uf_terrain/web.png using Guid(b3f1795639fa64e48bdba4ea4843602c) Importer(815301076,1909f56bfc062723c751e8b465ee728b) [PhysX] Initialized MultithreadedTaskDispatcher with 16 workers.
[PhysX] Initialized MultithreadedTaskDispatcher with 16 workers.
 -> (artifact id: '40740da57b5e2331ba777052413a982a') in 0.016595 seconds
Number of updated asset objects reloaded before import = 0
Number of asset objects unloaded after import = 3
========================================================================
Received Import Request.
  Time since last request: 0.000020 seconds.
  path: Assets/Visual Assets/Oryx/uf_terrain/wall_ruins_12.png
  artifactKey: Guid(6087574e47103464ca754776ef80ca94) Importer(815301076,1909f56bfc062723c751e8b465ee728b)
Start importing Assets/Visual Assets/Oryx/uf_terrain/wall_ruins_12.png using Guid(6087574e47103464ca754776ef80ca94) Importer(815301076,1909f56bfc062723c751e8b465ee728b) [PhysX] Initialized MultithreadedTaskDispatcher with 16 workers.
[PhysX] Initialized MultithreadedTaskDispatcher with 16 workers.
 -> (artifact id: '27779d49c3b7a5e8605ae957562e145d') in 0.016724 seconds
Number of updated asset objects reloaded before import = 0
Number of asset objects unloaded after import = 3
========================================================================
Received Import Request.
  Time since last request: 0.000018 seconds.
  path: Assets/Visual Assets/Oryx/uf_terrain/wall_stone_6.png
  artifactKey: Guid(a57f61385b6d3904e9540181f9c957e2) Importer(815301076,1909f56bfc062723c751e8b465ee728b)
Start importing Assets/Visual Assets/Oryx/uf_terrain/wall_stone_6.png using Guid(a57f61385b6d3904e9540181f9c957e2) Importer(815301076,1909f56bfc062723c751e8b465ee728b) [PhysX] Initialized MultithreadedTaskDispatcher with 16 workers.
[PhysX] Initialized MultithreadedTaskDispatcher with 16 workers.
 -> (artifact id: 'bfa2995bc7af225d58df9e24259f8d46') in 0.008271 seconds
Number of updated asset objects reloaded before import = 0
Number of asset objects unloaded after import = 3
========================================================================
Received Import Request.
  Time since last request: 0.000023 seconds.
  path: Assets/Visual Assets/Oryx/uf_terrain/water_blue.png
  artifactKey: Guid(f4915d8613701f741b22a50682fb5804) Importer(815301076,1909f56bfc062723c751e8b465ee728b)
Start importing Assets/Visual Assets/Oryx/uf_terrain/water_blue.png using Guid(f4915d8613701f741b22a50682fb5804) Importer(815301076,1909f56bfc062723c751e8b465ee728b) [PhysX] Initialized MultithreadedTaskDispatcher with 16 workers.
[PhysX] Initialized MultithreadedTaskDispatcher with 16 workers.
 -> (artifact id: '485c22cfb484eae02775d2abd9f2fe3f') in 0.015135 seconds
Number of updated asset objects reloaded before import = 0
Number of asset objects unloaded after import = 3
========================================================================
Received Import Request.
  Time since last request: 0.000022 seconds.
  path: Assets/Visual Assets/Oryx/uf_terrain/wall_stone_10.png
  artifactKey: Guid(322370818480dd84ca7e76949477cdbb) Importer(815301076,1909f56bfc062723c751e8b465ee728b)
Start importing Assets/Visual Assets/Oryx/uf_terrain/wall_stone_10.png using Guid(322370818480dd84ca7e76949477cdbb) Importer(815301076,1909f56bfc062723c751e8b465ee728b) [PhysX] Initialized MultithreadedTaskDispatcher with 16 workers.
[PhysX] Initialized MultithreadedTaskDispatcher with 16 workers.
 -> (artifact id: '5de35c6e61b2e9d92c414af1edbd3d0a') in 0.012646 seconds
Number of updated asset objects reloaded before import = 0
Number of asset objects unloaded after import = 3
========================================================================
Received Import Request.
  Time since last request: 0.000047 seconds.
  path: Assets/Visual Assets/Oryx/uf_terrain/water_mud_1.png
  artifactKey: Guid(601fbbf972f42c2489a1e67b50705eaa) Importer(815301076,1909f56bfc062723c751e8b465ee728b)
Start importing Assets/Visual Assets/Oryx/uf_terrain/water_mud_1.png using Guid(601fbbf972f42c2489a1e67b50705eaa) Importer(815301076,1909f56bfc062723c751e8b465ee728b) [PhysX] Initialized MultithreadedTaskDispatcher with 16 workers.
[PhysX] Initialized MultithreadedTaskDispatcher with 16 workers.
 -> (artifact id: '7a1e334b6df36ae37828d1a42fa81cbf') in 0.014283 seconds
Number of updated asset objects reloaded before import = 0
Number of asset objects unloaded after import = 3
========================================================================
Received Prepare
Caller must complete domain reload
Begin MonoManager ReloadAssembly
Symbol file LoadedFromMemory is not a mono symbol file
- Loaded All Assemblies, in  0.699 seconds
Native extension for WindowsStandalone target not found
Mono: successfully reloaded assembly
- Finished resetting the current domain, in  0.474 seconds
Domain Reload Profiling: 1172ms
	BeginReloadAssembly (456ms)
		ExecutionOrderSort (0ms)
		DisableScriptedObjects (343ms)
		BackupInstance (0ms)
		ReleaseScriptingObjects (0ms)
		CreateAndSetChildDomain (30ms)
	RebuildCommonClasses (23ms)
	RebuildNativeTypeToScriptingClass (8ms)
	initialDomainReloadingComplete (22ms)
	LoadAllAssembliesAndSetupDomain (189ms)
		LoadAssemblies (221ms)
		RebuildTransferFunctionScriptingTraits (0ms)
		AnalyzeDomain (24ms)
			TypeCache.Refresh (7ms)
				TypeCache.ScanAssembly (0ms)
			ScanForSourceGeneratedMonoScriptInfo (11ms)
			ResolveRequiredComponents (4ms)
	FinalizeReload (474ms)
		ReleaseScriptCaches (0ms)
		RebuildScriptCaches (0ms)
		SetupLoadedEditorAssemblies (356ms)
			LogAssemblyErrors (0ms)
			InitializePlatformSupportModulesInManaged (4ms)
			SetLoadedEditorAssemblies (2ms)
			RefreshPlugins (0ms)
			BeforeProcessingInitializeOnLoad (47ms)
			ProcessInitializeOnLoadAttributes (277ms)
			ProcessInitializeOnLoadMethodAttributes (22ms)
			AfterProcessingInitializeOnLoad (3ms)
			EditorAssembliesLoaded (0ms)
		ExecutionOrderSort2 (0ms)
		AwakeInstancesAfterBackupRestoration (9ms)
Refreshing native plugins compatible for Editor in 3.81 ms, found 5 plugins.
Preloading 0 native plugins for Editor in 0.00 ms.
Unloading 4801 Unused Serialized files (Serialized files now loaded: 0)
Unloading 31 unused Assets / (216.9 KB). Loaded Objects now: 5282.
Memory consumption went from 159.2 MB to 159.0 MB.
Total: 2.813600 ms (FindLiveObjects: 0.220700 ms CreateObjectMapping: 0.127800 ms MarkObjects: 2.313500 ms  DeleteObjects: 0.150800 ms)

Prepare: number of updated asset objects reloaded= 0
AssetImportParameters requested are different than current active one (requested -> active):
  custom:container-demuxer-ogg: 62fdf1f143b41e24485cea50d1cbac27 -> 
  custom:video-decoder-ogg-theora: a1e56fd34408186e4bbccfd4996cb3dc -> 
  custom:framework-win-MediaFoundation: 216162199b28c13a410421893ffa2e32 -> 
  custom:CustomObjectIndexerAttribute: 9a22284fe3817be447336de3de66b15e -> 
  custom:container-demuxer-webm: 4f35f7cbe854078d1ac9338744f61a02 -> 
  custom:scripting/monoscript/fileName/EnemyTriangle.cs: aeae8b4dda1628a024301044a23f6556 -> 1f4c3b89eb713329c59f32925eef9f1d
  custom:container-muxer-webm: aa71ff27fc2769a1b78a27578f13a17b -> 
  custom:video-decoder-webm-vp8: 9c59270c3fd7afecdb556c50c9e8de78 -> 
  custom:SearchIndexIgnoredProperties: e643bd26f0fe6173181afceb89e7c659 -> 
  custom:AudioImporter_EditorPlatform: d09bf68614088b80899f8185d706f6e7 -> 
  custom:video-encoder-webm-vp8: eb34c28f22e8b96e1ab97ce403110664 -> 
  custom:audio-decoder-ogg-vorbis: bf7c407c2cedff20999df2af8eb42d56 -> 
  custom:audio-encoder-webm-vorbis: bf7c407c2cedff20999df2af8eb42d56 -> 
  custom:scripting/precompiled-assembly-types:Assembly-CSharp: 1c9c7430cf787384fdea8453e9e78590 -> 624995ad97b0182929aca27ee3838563
========================================================================
Received Prepare
Caller must complete domain reload
Begin MonoManager ReloadAssembly
Symbol file LoadedFromMemory is not a mono symbol file
- Loaded All Assemblies, in  0.377 seconds
Native extension for WindowsStandalone target not found
Mono: successfully reloaded assembly
- Finished resetting the current domain, in  0.807 seconds
Domain Reload Profiling: 1182ms
	BeginReloadAssembly (117ms)
		ExecutionOrderSort (0ms)
		DisableScriptedObjects (8ms)
		BackupInstance (0ms)
		ReleaseScriptingObjects (0ms)
		CreateAndSetChildDomain (26ms)
	RebuildCommonClasses (25ms)
	RebuildNativeTypeToScriptingClass (8ms)
	initialDomainReloadingComplete (23ms)
	LoadAllAssembliesAndSetupDomain (201ms)
		LoadAssemblies (234ms)
		RebuildTransferFunctionScriptingTraits (0ms)
		AnalyzeDomain (26ms)
			TypeCache.Refresh (8ms)
				TypeCache.ScanAssembly (0ms)
			ScanForSourceGeneratedMonoScriptInfo (12ms)
			ResolveRequiredComponents (5ms)
	FinalizeReload (807ms)
		ReleaseScriptCaches (0ms)
		RebuildScriptCaches (0ms)
		SetupLoadedEditorAssemblies (391ms)
			LogAssemblyErrors (0ms)
			InitializePlatformSupportModulesInManaged (5ms)
			SetLoadedEditorAssemblies (3ms)
			RefreshPlugins (0ms)
			BeforeProcessingInitializeOnLoad (53ms)
			ProcessInitializeOnLoadAttributes (300ms)
			ProcessInitializeOnLoadMethodAttributes (25ms)
			AfterProcessingInitializeOnLoad (3ms)
			EditorAssembliesLoaded (0ms)
		ExecutionOrderSort2 (0ms)
		AwakeInstancesAfterBackupRestoration (10ms)
Refreshing native plugins compatible for Editor in 3.92 ms, found 5 plugins.
Preloading 0 native plugins for Editor in 0.00 ms.
Unloading 4801 Unused Serialized files (Serialized files now loaded: 0)
Unloading 32 unused Assets / (217.2 KB). Loaded Objects now: 5286.
Memory consumption went from 159.5 MB to 159.3 MB.
Total: 3.141500 ms (FindLiveObjects: 0.213100 ms CreateObjectMapping: 0.112500 ms MarkObjects: 2.675500 ms  DeleteObjects: 0.139000 ms)

Prepare: number of updated asset objects reloaded= 0
AssetImportParameters requested are different than current active one (requested -> active):
  custom:container-demuxer-ogg: 62fdf1f143b41e24485cea50d1cbac27 -> 
  custom:video-decoder-ogg-theora: a1e56fd34408186e4bbccfd4996cb3dc -> 
  custom:framework-win-MediaFoundation: 216162199b28c13a410421893ffa2e32 -> 
  custom:CustomObjectIndexerAttribute: 9a22284fe3817be447336de3de66b15e -> 
  custom:container-demuxer-webm: 4f35f7cbe854078d1ac9338744f61a02 -> 
  custom:scripting/monoscript/fileName/EnemyTriangle.cs: aeae8b4dda1628a024301044a23f6556 -> 1f4c3b89eb713329c59f32925eef9f1d
  custom:container-muxer-webm: aa71ff27fc2769a1b78a27578f13a17b -> 
  custom:video-decoder-webm-vp8: 9c59270c3fd7afecdb556c50c9e8de78 -> 
  custom:SearchIndexIgnoredProperties: e643bd26f0fe6173181afceb89e7c659 -> 
  custom:AudioImporter_EditorPlatform: d09bf68614088b80899f8185d706f6e7 -> 
  custom:video-encoder-webm-vp8: eb34c28f22e8b96e1ab97ce403110664 -> 
  custom:audio-decoder-ogg-vorbis: bf7c407c2cedff20999df2af8eb42d56 -> 
  custom:audio-encoder-webm-vorbis: bf7c407c2cedff20999df2af8eb42d56 -> 
  custom:scripting/precompiled-assembly-types:Assembly-CSharp: 33d2e43980ce2c3cf951c318a1dab1f8 -> 624995ad97b0182929aca27ee3838563
========================================================================
Received Prepare
Caller must complete domain reload
Begin MonoManager ReloadAssembly
Symbol file LoadedFromMemory is not a mono symbol file
- Loaded All Assemblies, in  0.441 seconds
Native extension for WindowsStandalone target not found
Mono: successfully reloaded assembly
- Finished resetting the current domain, in  1.036 seconds
Domain Reload Profiling: 1476ms
	BeginReloadAssembly (135ms)
		ExecutionOrderSort (0ms)
		DisableScriptedObjects (9ms)
		BackupInstance (0ms)
		ReleaseScriptingObjects (0ms)
		CreateAndSetChildDomain (36ms)
	RebuildCommonClasses (25ms)
	RebuildNativeTypeToScriptingClass (8ms)
	initialDomainReloadingComplete (26ms)
	LoadAllAssembliesAndSetupDomain (245ms)
		LoadAssemblies (275ms)
		RebuildTransferFunctionScriptingTraits (0ms)
		AnalyzeDomain (32ms)
			TypeCache.Refresh (12ms)
				TypeCache.ScanAssembly (0ms)
			ScanForSourceGeneratedMonoScriptInfo (14ms)
			ResolveRequiredComponents (5ms)
	FinalizeReload (1037ms)
		ReleaseScriptCaches (0ms)
		RebuildScriptCaches (0ms)
		SetupLoadedEditorAssemblies (491ms)
			LogAssemblyErrors (0ms)
			InitializePlatformSupportModulesInManaged (5ms)
			SetLoadedEditorAssemblies (3ms)
			RefreshPlugins (0ms)
			BeforeProcessingInitializeOnLoad (59ms)
			ProcessInitializeOnLoadAttributes (384ms)
			ProcessInitializeOnLoadMethodAttributes (33ms)
			AfterProcessingInitializeOnLoad (6ms)
			EditorAssembliesLoaded (0ms)
		ExecutionOrderSort2 (0ms)
		AwakeInstancesAfterBackupRestoration (12ms)
Refreshing native plugins compatible for Editor in 5.27 ms, found 5 plugins.
Preloading 0 native plugins for Editor in 0.00 ms.
Unloading 4802 Unused Serialized files (Serialized files now loaded: 0)
Unloading 31 unused Assets / (216.8 KB). Loaded Objects now: 5292.
Memory consumption went from 159.5 MB to 159.3 MB.
Total: 5.213800 ms (FindLiveObjects: 0.659000 ms CreateObjectMapping: 0.257000 ms MarkObjects: 4.082700 ms  DeleteObjects: 0.213100 ms)

Prepare: number of updated asset objects reloaded= 0
AssetImportParameters requested are different than current active one (requested -> active):
  custom:container-demuxer-ogg: 62fdf1f143b41e24485cea50d1cbac27 -> 
  custom:video-decoder-ogg-theora: a1e56fd34408186e4bbccfd4996cb3dc -> 
  custom:framework-win-MediaFoundation: 216162199b28c13a410421893ffa2e32 -> 
  custom:CustomObjectIndexerAttribute: 9a22284fe3817be447336de3de66b15e -> 
  custom:container-demuxer-webm: 4f35f7cbe854078d1ac9338744f61a02 -> 
  custom:scripting/monoscript/fileName/EnemyTriangle.cs: aeae8b4dda1628a024301044a23f6556 -> 1f4c3b89eb713329c59f32925eef9f1d
  custom:container-muxer-webm: aa71ff27fc2769a1b78a27578f13a17b -> 
  custom:scripting/monoscript/fileName/BulletPool.cs: 8c507b899be231b088e888762bb41ebf -> 
  custom:video-decoder-webm-vp8: 9c59270c3fd7afecdb556c50c9e8de78 -> 
  custom:SearchIndexIgnoredProperties: e643bd26f0fe6173181afceb89e7c659 -> 
  custom:AudioImporter_EditorPlatform: d09bf68614088b80899f8185d706f6e7 -> 
  custom:video-encoder-webm-vp8: eb34c28f22e8b96e1ab97ce403110664 -> 
  custom:audio-decoder-ogg-vorbis: bf7c407c2cedff20999df2af8eb42d56 -> 
  custom:audio-encoder-webm-vorbis: bf7c407c2cedff20999df2af8eb42d56 -> 
  custom:scripting/precompiled-assembly-types:Assembly-CSharp: 51ebf36f626cc2ef404c7b6cb7b79a4c -> 624995ad97b0182929aca27ee3838563
========================================================================
Received Prepare
Caller must complete domain reload
Begin MonoManager ReloadAssembly
Symbol file LoadedFromMemory is not a mono symbol file
- Loaded All Assemblies, in  0.649 seconds
Native extension for WindowsStandalone target not found
Mono: successfully reloaded assembly
- Finished resetting the current domain, in  1.359 seconds
Domain Reload Profiling: 2004ms
	BeginReloadAssembly (227ms)
		ExecutionOrderSort (0ms)
		DisableScriptedObjects (17ms)
		BackupInstance (0ms)
		ReleaseScriptingObjects (0ms)
		CreateAndSetChildDomain (60ms)
	RebuildCommonClasses (42ms)
	RebuildNativeTypeToScriptingClass (13ms)
	initialDomainReloadingComplete (37ms)
	LoadAllAssembliesAndSetupDomain (325ms)
		LoadAssemblies (391ms)
		RebuildTransferFunctionScriptingTraits (0ms)
		AnalyzeDomain (42ms)
			TypeCache.Refresh (11ms)
				TypeCache.ScanAssembly (0ms)
			ScanForSourceGeneratedMonoScriptInfo (21ms)
			ResolveRequiredComponents (9ms)
	FinalizeReload (1359ms)
		ReleaseScriptCaches (0ms)
		RebuildScriptCaches (0ms)
		SetupLoadedEditorAssemblies (600ms)
			LogAssemblyErrors (0ms)
			InitializePlatformSupportModulesInManaged (7ms)
			SetLoadedEditorAssemblies (3ms)
			RefreshPlugins (0ms)
			BeforeProcessingInitializeOnLoad (73ms)
			ProcessInitializeOnLoadAttributes (472ms)
			ProcessInitializeOnLoadMethodAttributes (36ms)
			AfterProcessingInitializeOnLoad (7ms)
			EditorAssembliesLoaded (0ms)
		ExecutionOrderSort2 (0ms)
		AwakeInstancesAfterBackupRestoration (15ms)
Refreshing native plugins compatible for Editor in 7.23 ms, found 5 plugins.
Preloading 0 native plugins for Editor in 0.00 ms.
Unloading 4802 Unused Serialized files (Serialized files now loaded: 0)
Unloading 31 unused Assets / (216.8 KB). Loaded Objects now: 5297.
Memory consumption went from 159.5 MB to 159.3 MB.
Total: 4.781200 ms (FindLiveObjects: 0.377100 ms CreateObjectMapping: 0.256200 ms MarkObjects: 3.857600 ms  DeleteObjects: 0.289000 ms)

Prepare: number of updated asset objects reloaded= 0
AssetImportParameters requested are different than current active one (requested -> active):
  custom:container-demuxer-ogg: 62fdf1f143b41e24485cea50d1cbac27 -> 
  custom:scripting/monoscript/fileName/BulletObjectPool.cs: 8c507b899be231b088e888762bb41ebf -> 
  custom:video-decoder-ogg-theora: a1e56fd34408186e4bbccfd4996cb3dc -> 
  custom:framework-win-MediaFoundation: 216162199b28c13a410421893ffa2e32 -> 
  custom:CustomObjectIndexerAttribute: 9a22284fe3817be447336de3de66b15e -> 
  custom:container-demuxer-webm: 4f35f7cbe854078d1ac9338744f61a02 -> 
  custom:scripting/monoscript/fileName/EnemyTriangle.cs: aeae8b4dda1628a024301044a23f6556 -> 1f4c3b89eb713329c59f32925eef9f1d
  custom:container-muxer-webm: aa71ff27fc2769a1b78a27578f13a17b -> 
  custom:scripting/monoscript/fileName/BulletPool.cs: 8c507b899be231b088e888762bb41ebf -> 
  custom:video-decoder-webm-vp8: 9c59270c3fd7afecdb556c50c9e8de78 -> 
  custom:SearchIndexIgnoredProperties: e643bd26f0fe6173181afceb89e7c659 -> 
  custom:AudioImporter_EditorPlatform: d09bf68614088b80899f8185d706f6e7 -> 
  custom:video-encoder-webm-vp8: eb34c28f22e8b96e1ab97ce403110664 -> 
  custom:audio-decoder-ogg-vorbis: bf7c407c2cedff20999df2af8eb42d56 -> 
  custom:audio-encoder-webm-vorbis: bf7c407c2cedff20999df2af8eb42d56 -> 
  custom:scripting/precompiled-assembly-types:Assembly-CSharp: bbbced0d45bd11dc769b3728fdd2b7a1 -> 624995ad97b0182929aca27ee3838563
========================================================================
Received Import Request.
  Time since last request: 734.276018 seconds.
  path: Assets/Scripts/BulletObjectPool.cs
  artifactKey: Guid(ec17fc7e77287c241bb6ffa007c3d798) Importer(815301076,1909f56bfc062723c751e8b465ee728b)
Start importing Assets/Scripts/BulletObjectPool.cs using Guid(ec17fc7e77287c241bb6ffa007c3d798) Importer(815301076,1909f56bfc062723c751e8b465ee728b) [PhysX] Initialized MultithreadedTaskDispatcher with 16 workers.
 -> (artifact id: 'e6ad9776c1d028c67f85da3b831c4ec4') in 0.002396 seconds
Number of updated asset objects reloaded before import = 0
Number of asset objects unloaded after import = 0
========================================================================
Received Prepare
Caller must complete domain reload
Begin MonoManager ReloadAssembly
Symbol file LoadedFromMemory is not a mono symbol file
- Loaded All Assemblies, in  2.564 seconds
Native extension for WindowsStandalone target not found
Mono: successfully reloaded assembly
- Finished resetting the current domain, in 16.424 seconds
Domain Reload Profiling: 18986ms
	BeginReloadAssembly (176ms)
		ExecutionOrderSort (0ms)
		DisableScriptedObjects (9ms)
		BackupInstance (0ms)
		ReleaseScriptingObjects (0ms)
		CreateAndSetChildDomain (32ms)
	RebuildCommonClasses (156ms)
	RebuildNativeTypeToScriptingClass (8ms)
	initialDomainReloadingComplete (24ms)
	LoadAllAssembliesAndSetupDomain (2198ms)
		LoadAssemblies (2273ms)
		RebuildTransferFunctionScriptingTraits (0ms)
		AnalyzeDomain (29ms)
			TypeCache.Refresh (9ms)
				TypeCache.ScanAssembly (0ms)
			ScanForSourceGeneratedMonoScriptInfo (13ms)
			ResolveRequiredComponents (5ms)
	FinalizeReload (16424ms)
		ReleaseScriptCaches (0ms)
		RebuildScriptCaches (0ms)
		SetupLoadedEditorAssemblies (371ms)
			LogAssemblyErrors (0ms)
			InitializePlatformSupportModulesInManaged (4ms)
			SetLoadedEditorAssemblies (2ms)
			RefreshPlugins (0ms)
			BeforeProcessingInitializeOnLoad (48ms)
			ProcessInitializeOnLoadAttributes (289ms)
			ProcessInitializeOnLoadMethodAttributes (23ms)
			AfterProcessingInitializeOnLoad (4ms)
			EditorAssembliesLoaded (0ms)
		ExecutionOrderSort2 (0ms)
		AwakeInstancesAfterBackupRestoration (10ms)
Refreshing native plugins compatible for Editor in 5.32 ms, found 5 plugins.
Preloading 0 native plugins for Editor in 0.00 ms.
Unloading 4801 Unused Serialized files (Serialized files now loaded: 0)
Unloading 31 unused Assets / (216.6 KB). Loaded Objects now: 5302.
Memory consumption went from 159.3 MB to 159.1 MB.
Total: 3.094000 ms (FindLiveObjects: 0.251100 ms CreateObjectMapping: 0.122800 ms MarkObjects: 2.559800 ms  DeleteObjects: 0.159200 ms)

Prepare: number of updated asset objects reloaded= 0
AssetImportParameters requested are different than current active one (requested -> active):
  custom:container-demuxer-ogg: 62fdf1f143b41e24485cea50d1cbac27 -> 
  custom:scripting/monoscript/fileName/BulletObjectPool.cs: ee6775fe32eb737485616d461c2d0806 -> 
  custom:video-decoder-ogg-theora: a1e56fd34408186e4bbccfd4996cb3dc -> 
  custom:framework-win-MediaFoundation: 216162199b28c13a410421893ffa2e32 -> 
  custom:CustomObjectIndexerAttribute: 9a22284fe3817be447336de3de66b15e -> 
  custom:container-demuxer-webm: 4f35f7cbe854078d1ac9338744f61a02 -> 
  custom:scripting/monoscript/fileName/EnemyTriangle.cs: aeae8b4dda1628a024301044a23f6556 -> 1f4c3b89eb713329c59f32925eef9f1d
  custom:container-muxer-webm: aa71ff27fc2769a1b78a27578f13a17b -> 
  custom:scripting/monoscript/fileName/BulletPool.cs: 8c507b899be231b088e888762bb41ebf -> 
  custom:video-decoder-webm-vp8: 9c59270c3fd7afecdb556c50c9e8de78 -> 
  custom:SearchIndexIgnoredProperties: e643bd26f0fe6173181afceb89e7c659 -> 
  custom:AudioImporter_EditorPlatform: d09bf68614088b80899f8185d706f6e7 -> 
  custom:video-encoder-webm-vp8: eb34c28f22e8b96e1ab97ce403110664 -> 
  custom:audio-decoder-ogg-vorbis: bf7c407c2cedff20999df2af8eb42d56 -> 
  custom:audio-encoder-webm-vorbis: bf7c407c2cedff20999df2af8eb42d56 -> 
  custom:scripting/precompiled-assembly-types:Assembly-CSharp: 8cb0713f321ec1b92c51a7a483eea15e -> 624995ad97b0182929aca27ee3838563
========================================================================
Received Prepare
Caller must complete domain reload
Begin MonoManager ReloadAssembly
Symbol file LoadedFromMemory is not a mono symbol file
- Loaded All Assemblies, in  0.355 seconds
Native extension for WindowsStandalone target not found
Mono: successfully reloaded assembly
- Finished resetting the current domain, in  0.792 seconds
Domain Reload Profiling: 1146ms
	BeginReloadAssembly (117ms)
		ExecutionOrderSort (0ms)
		DisableScriptedObjects (8ms)
		BackupInstance (0ms)
		ReleaseScriptingObjects (0ms)
		CreateAndSetChildDomain (27ms)
	RebuildCommonClasses (22ms)
	RebuildNativeTypeToScriptingClass (7ms)
	initialDomainReloadingComplete (22ms)
	LoadAllAssembliesAndSetupDomain (185ms)
		LoadAssemblies (229ms)
		RebuildTransferFunctionScriptingTraits (0ms)
		AnalyzeDomain (13ms)
			TypeCache.Refresh (6ms)
				TypeCache.ScanAssembly (0ms)
			ScanForSourceGeneratedMonoScriptInfo (0ms)
			ResolveRequiredComponents (4ms)
	FinalizeReload (793ms)
		ReleaseScriptCaches (0ms)
		RebuildScriptCaches (0ms)
		SetupLoadedEditorAssemblies (376ms)
			LogAssemblyErrors (0ms)
			InitializePlatformSupportModulesInManaged (4ms)
			SetLoadedEditorAssemblies (2ms)
			RefreshPlugins (0ms)
			BeforeProcessingInitializeOnLoad (50ms)
			ProcessInitializeOnLoadAttributes (288ms)
			ProcessInitializeOnLoadMethodAttributes (27ms)
			AfterProcessingInitializeOnLoad (4ms)
			EditorAssembliesLoaded (0ms)
		ExecutionOrderSort2 (0ms)
		AwakeInstancesAfterBackupRestoration (10ms)
Refreshing native plugins compatible for Editor in 3.67 ms, found 5 plugins.
Preloading 0 native plugins for Editor in 0.00 ms.
Unloading 4802 Unused Serialized files (Serialized files now loaded: 0)
Unloading 31 unused Assets / (216.7 KB). Loaded Objects now: 5307.
Memory consumption went from 159.5 MB to 159.3 MB.
Total: 3.130400 ms (FindLiveObjects: 0.262400 ms CreateObjectMapping: 0.133300 ms MarkObjects: 2.564100 ms  DeleteObjects: 0.169800 ms)

Prepare: number of updated asset objects reloaded= 0
AssetImportParameters requested are different than current active one (requested -> active):
  custom:container-demuxer-ogg: 62fdf1f143b41e24485cea50d1cbac27 -> 
  custom:scripting/monoscript/fileName/BulletObjectPool.cs: ee6775fe32eb737485616d461c2d0806 -> 
  custom:video-decoder-ogg-theora: a1e56fd34408186e4bbccfd4996cb3dc -> 
  custom:framework-win-MediaFoundation: 216162199b28c13a410421893ffa2e32 -> 
  custom:CustomObjectIndexerAttribute: 9a22284fe3817be447336de3de66b15e -> 
  custom:container-demuxer-webm: 4f35f7cbe854078d1ac9338744f61a02 -> 
  custom:scripting/monoscript/fileName/EnemyTriangle.cs: aeae8b4dda1628a024301044a23f6556 -> 1f4c3b89eb713329c59f32925eef9f1d
  custom:container-muxer-webm: aa71ff27fc2769a1b78a27578f13a17b -> 
  custom:scripting/monoscript/fileName/BulletPool.cs: 8c507b899be231b088e888762bb41ebf -> 
  custom:video-decoder-webm-vp8: 9c59270c3fd7afecdb556c50c9e8de78 -> 
  custom:SearchIndexIgnoredProperties: e643bd26f0fe6173181afceb89e7c659 -> 
  custom:AudioImporter_EditorPlatform: d09bf68614088b80899f8185d706f6e7 -> 
  custom:video-encoder-webm-vp8: eb34c28f22e8b96e1ab97ce403110664 -> 
  custom:audio-decoder-ogg-vorbis: bf7c407c2cedff20999df2af8eb42d56 -> 
  custom:audio-encoder-webm-vorbis: bf7c407c2cedff20999df2af8eb42d56 -> 
  custom:scripting/precompiled-assembly-types:Assembly-CSharp: 8cb0713f321ec1b92c51a7a483eea15e -> 624995ad97b0182929aca27ee3838563
========================================================================
Received Prepare
Caller must complete domain reload
Begin MonoManager ReloadAssembly
Symbol file LoadedFromMemory is not a mono symbol file
- Loaded All Assemblies, in  0.361 seconds
Native extension for WindowsStandalone target not found
Mono: successfully reloaded assembly
- Finished resetting the current domain, in  0.892 seconds
Domain Reload Profiling: 1251ms
	BeginReloadAssembly (119ms)
		ExecutionOrderSort (0ms)
		DisableScriptedObjects (8ms)
		BackupInstance (0ms)
		ReleaseScriptingObjects (0ms)
		CreateAndSetChildDomain (25ms)
	RebuildCommonClasses (23ms)
	RebuildNativeTypeToScriptingClass (7ms)
	initialDomainReloadingComplete (22ms)
	LoadAllAssembliesAndSetupDomain (188ms)
		LoadAssemblies (235ms)
		RebuildTransferFunctionScriptingTraits (0ms)
		AnalyzeDomain (13ms)
			TypeCache.Refresh (6ms)
				TypeCache.ScanAssembly (0ms)
			ScanForSourceGeneratedMonoScriptInfo (0ms)
			ResolveRequiredComponents (4ms)
	FinalizeReload (892ms)
		ReleaseScriptCaches (0ms)
		RebuildScriptCaches (0ms)
		SetupLoadedEditorAssemblies (442ms)
			LogAssemblyErrors (0ms)
			InitializePlatformSupportModulesInManaged (5ms)
			SetLoadedEditorAssemblies (3ms)
			RefreshPlugins (0ms)
			BeforeProcessingInitializeOnLoad (59ms)
			ProcessInitializeOnLoadAttributes (340ms)
			ProcessInitializeOnLoadMethodAttributes (29ms)
			AfterProcessingInitializeOnLoad (5ms)
			EditorAssembliesLoaded (0ms)
		ExecutionOrderSort2 (0ms)
		AwakeInstancesAfterBackupRestoration (12ms)
Refreshing native plugins compatible for Editor in 5.30 ms, found 5 plugins.
Preloading 0 native plugins for Editor in 0.00 ms.
Unloading 4802 Unused Serialized files (Serialized files now loaded: 0)
Unloading 31 unused Assets / (216.8 KB). Loaded Objects now: 5312.
Memory consumption went from 159.5 MB to 159.3 MB.
Total: 3.213900 ms (FindLiveObjects: 0.255400 ms CreateObjectMapping: 0.129900 ms MarkObjects: 2.652400 ms  DeleteObjects: 0.175300 ms)

Prepare: number of updated asset objects reloaded= 0
AssetImportParameters requested are different than current active one (requested -> active):
  custom:container-demuxer-ogg: 62fdf1f143b41e24485cea50d1cbac27 -> 
  custom:scripting/monoscript/fileName/BulletObjectPool.cs: ee6775fe32eb737485616d461c2d0806 -> 
  custom:video-decoder-ogg-theora: a1e56fd34408186e4bbccfd4996cb3dc -> 
  custom:framework-win-MediaFoundation: 216162199b28c13a410421893ffa2e32 -> 
  custom:CustomObjectIndexerAttribute: 9a22284fe3817be447336de3de66b15e -> 
  custom:container-demuxer-webm: 4f35f7cbe854078d1ac9338744f61a02 -> 
  custom:scripting/monoscript/fileName/EnemyTriangle.cs: aeae8b4dda1628a024301044a23f6556 -> 1f4c3b89eb713329c59f32925eef9f1d
  custom:container-muxer-webm: aa71ff27fc2769a1b78a27578f13a17b -> 
  custom:scripting/monoscript/fileName/BulletPool.cs: 8c507b899be231b088e888762bb41ebf -> 
  custom:video-decoder-webm-vp8: 9c59270c3fd7afecdb556c50c9e8de78 -> 
  custom:SearchIndexIgnoredProperties: e643bd26f0fe6173181afceb89e7c659 -> 
  custom:AudioImporter_EditorPlatform: d09bf68614088b80899f8185d706f6e7 -> 
  custom:video-encoder-webm-vp8: eb34c28f22e8b96e1ab97ce403110664 -> 
  custom:audio-decoder-ogg-vorbis: bf7c407c2cedff20999df2af8eb42d56 -> 
  custom:audio-encoder-webm-vorbis: bf7c407c2cedff20999df2af8eb42d56 -> 
  custom:scripting/precompiled-assembly-types:Assembly-CSharp: 8cb0713f321ec1b92c51a7a483eea15e -> 624995ad97b0182929aca27ee3838563
========================================================================
Received Prepare
Caller must complete domain reload
Begin MonoManager ReloadAssembly
Symbol file LoadedFromMemory is not a mono symbol file
- Loaded All Assemblies, in  0.362 seconds
Native extension for WindowsStandalone target not found
Mono: successfully reloaded assembly
- Finished resetting the current domain, in  0.879 seconds
Domain Reload Profiling: 1240ms
	BeginReloadAssembly (126ms)
		ExecutionOrderSort (0ms)
		DisableScriptedObjects (10ms)
		BackupInstance (0ms)
		ReleaseScriptingObjects (0ms)
		CreateAndSetChildDomain (28ms)
	RebuildCommonClasses (24ms)
	RebuildNativeTypeToScriptingClass (7ms)
	initialDomainReloadingComplete (22ms)
	LoadAllAssembliesAndSetupDomain (181ms)
		LoadAssemblies (232ms)
		RebuildTransferFunctionScriptingTraits (0ms)
		AnalyzeDomain (11ms)
			TypeCache.Refresh (5ms)
				TypeCache.ScanAssembly (0ms)
			ScanForSourceGeneratedMonoScriptInfo (0ms)
			ResolveRequiredComponents (4ms)
	FinalizeReload (880ms)
		ReleaseScriptCaches (0ms)
		RebuildScriptCaches (0ms)
		SetupLoadedEditorAssemblies (446ms)
			LogAssemblyErrors (0ms)
			InitializePlatformSupportModulesInManaged (6ms)
			SetLoadedEditorAssemblies (3ms)
			RefreshPlugins (0ms)
			BeforeProcessingInitializeOnLoad (60ms)
			ProcessInitializeOnLoadAttributes (344ms)
			ProcessInitializeOnLoadMethodAttributes (29ms)
			AfterProcessingInitializeOnLoad (5ms)
			EditorAssembliesLoaded (0ms)
		ExecutionOrderSort2 (0ms)
		AwakeInstancesAfterBackupRestoration (12ms)
Refreshing native plugins compatible for Editor in 5.27 ms, found 5 plugins.
Preloading 0 native plugins for Editor in 0.00 ms.
Unloading 4802 Unused Serialized files (Serialized files now loaded: 0)
Unloading 31 unused Assets / (217.0 KB). Loaded Objects now: 5317.
Memory consumption went from 159.5 MB to 159.3 MB.
Total: 3.452700 ms (FindLiveObjects: 0.265800 ms CreateObjectMapping: 0.143000 ms MarkObjects: 2.830000 ms  DeleteObjects: 0.212300 ms)

Prepare: number of updated asset objects reloaded= 0
AssetImportParameters requested are different than current active one (requested -> active):
  custom:container-demuxer-ogg: 62fdf1f143b41e24485cea50d1cbac27 -> 
  custom:scripting/monoscript/fileName/BulletObjectPool.cs: ee6775fe32eb737485616d461c2d0806 -> 
  custom:video-decoder-ogg-theora: a1e56fd34408186e4bbccfd4996cb3dc -> 
  custom:framework-win-MediaFoundation: 216162199b28c13a410421893ffa2e32 -> 
  custom:CustomObjectIndexerAttribute: 9a22284fe3817be447336de3de66b15e -> 
  custom:container-demuxer-webm: 4f35f7cbe854078d1ac9338744f61a02 -> 
  custom:scripting/monoscript/fileName/EnemyTriangle.cs: aeae8b4dda1628a024301044a23f6556 -> 1f4c3b89eb713329c59f32925eef9f1d
  custom:container-muxer-webm: aa71ff27fc2769a1b78a27578f13a17b -> 
  custom:scripting/monoscript/fileName/BulletPool.cs: 8c507b899be231b088e888762bb41ebf -> 
  custom:video-decoder-webm-vp8: 9c59270c3fd7afecdb556c50c9e8de78 -> 
  custom:SearchIndexIgnoredProperties: e643bd26f0fe6173181afceb89e7c659 -> 
  custom:AudioImporter_EditorPlatform: d09bf68614088b80899f8185d706f6e7 -> 
  custom:video-encoder-webm-vp8: eb34c28f22e8b96e1ab97ce403110664 -> 
  custom:audio-decoder-ogg-vorbis: bf7c407c2cedff20999df2af8eb42d56 -> 
  custom:audio-encoder-webm-vorbis: bf7c407c2cedff20999df2af8eb42d56 -> 
  custom:scripting/precompiled-assembly-types:Assembly-CSharp: 8cb0713f321ec1b92c51a7a483eea15e -> 624995ad97b0182929aca27ee3838563
========================================================================
Received Prepare
Caller must complete domain reload
Begin MonoManager ReloadAssembly
Symbol file LoadedFromMemory is not a mono symbol file
- Loaded All Assemblies, in  0.377 seconds
Native extension for WindowsStandalone target not found
Mono: successfully reloaded assembly
- Finished resetting the current domain, in  0.768 seconds
Domain Reload Profiling: 1143ms
	BeginReloadAssembly (116ms)
		ExecutionOrderSort (0ms)
		DisableScriptedObjects (8ms)
		BackupInstance (0ms)
		ReleaseScriptingObjects (0ms)
		CreateAndSetChildDomain (26ms)
	RebuildCommonClasses (29ms)
	RebuildNativeTypeToScriptingClass (7ms)
	initialDomainReloadingComplete (22ms)
	LoadAllAssembliesAndSetupDomain (201ms)
		LoadAssemblies (232ms)
		RebuildTransferFunctionScriptingTraits (0ms)
		AnalyzeDomain (28ms)
			TypeCache.Refresh (8ms)
				TypeCache.ScanAssembly (0ms)
			ScanForSourceGeneratedMonoScriptInfo (12ms)
			ResolveRequiredComponents (5ms)
	FinalizeReload (768ms)
		ReleaseScriptCaches (0ms)
		RebuildScriptCaches (0ms)
		SetupLoadedEditorAssemblies (363ms)
			LogAssemblyErrors (0ms)
			InitializePlatformSupportModulesInManaged (4ms)
			SetLoadedEditorAssemblies (2ms)
			RefreshPlugins (0ms)
			BeforeProcessingInitializeOnLoad (49ms)
			ProcessInitializeOnLoadAttributes (280ms)
			ProcessInitializeOnLoadMethodAttributes (23ms)
			AfterProcessingInitializeOnLoad (4ms)
			EditorAssembliesLoaded (0ms)
		ExecutionOrderSort2 (0ms)
		AwakeInstancesAfterBackupRestoration (9ms)
Refreshing native plugins compatible for Editor in 3.82 ms, found 5 plugins.
Preloading 0 native plugins for Editor in 0.00 ms.
Unloading 4802 Unused Serialized files (Serialized files now loaded: 0)
Unloading 31 unused Assets / (216.9 KB). Loaded Objects now: 5322.
Memory consumption went from 159.5 MB to 159.3 MB.
Total: 3.016000 ms (FindLiveObjects: 0.247000 ms CreateObjectMapping: 0.126600 ms MarkObjects: 2.478300 ms  DeleteObjects: 0.163200 ms)

Prepare: number of updated asset objects reloaded= 0
AssetImportParameters requested are different than current active one (requested -> active):
  custom:container-demuxer-ogg: 62fdf1f143b41e24485cea50d1cbac27 -> 
  custom:scripting/monoscript/fileName/BulletObjectPool.cs: ee6775fe32eb737485616d461c2d0806 -> 
  custom:video-decoder-ogg-theora: a1e56fd34408186e4bbccfd4996cb3dc -> 
  custom:framework-win-MediaFoundation: 216162199b28c13a410421893ffa2e32 -> 
  custom:CustomObjectIndexerAttribute: 9a22284fe3817be447336de3de66b15e -> 
  custom:container-demuxer-webm: 4f35f7cbe854078d1ac9338744f61a02 -> 
  custom:scripting/monoscript/fileName/EnemyTriangle.cs: aeae8b4dda1628a024301044a23f6556 -> 1f4c3b89eb713329c59f32925eef9f1d
  custom:container-muxer-webm: aa71ff27fc2769a1b78a27578f13a17b -> 
  custom:scripting/monoscript/fileName/BulletPool.cs: 8c507b899be231b088e888762bb41ebf -> 
  custom:video-decoder-webm-vp8: 9c59270c3fd7afecdb556c50c9e8de78 -> 
  custom:SearchIndexIgnoredProperties: e643bd26f0fe6173181afceb89e7c659 -> 
  custom:AudioImporter_EditorPlatform: d09bf68614088b80899f8185d706f6e7 -> 
  custom:video-encoder-webm-vp8: eb34c28f22e8b96e1ab97ce403110664 -> 
  custom:audio-decoder-ogg-vorbis: bf7c407c2cedff20999df2af8eb42d56 -> 
  custom:audio-encoder-webm-vorbis: bf7c407c2cedff20999df2af8eb42d56 -> 
  custom:scripting/precompiled-assembly-types:Assembly-CSharp: 8cb0713f321ec1b92c51a7a483eea15e -> 624995ad97b0182929aca27ee3838563
========================================================================
Received Prepare
Caller must complete domain reload
Begin MonoManager ReloadAssembly
Symbol file LoadedFromMemory is not a mono symbol file
- Loaded All Assemblies, in  0.363 seconds
Native extension for WindowsStandalone target not found
Mono: successfully reloaded assembly
- Finished resetting the current domain, in  0.917 seconds
Domain Reload Profiling: 1278ms
	BeginReloadAssembly (120ms)
		ExecutionOrderSort (0ms)
		DisableScriptedObjects (8ms)
		BackupInstance (0ms)
		ReleaseScriptingObjects (0ms)
		CreateAndSetChildDomain (26ms)
	RebuildCommonClasses (25ms)
	RebuildNativeTypeToScriptingClass (8ms)
	initialDomainReloadingComplete (23ms)
	LoadAllAssembliesAndSetupDomain (185ms)
		LoadAssemblies (232ms)
		RebuildTransferFunctionScriptingTraits (0ms)
		AnalyzeDomain (13ms)
			TypeCache.Refresh (6ms)
				TypeCache.ScanAssembly (0ms)
			ScanForSourceGeneratedMonoScriptInfo (0ms)
			ResolveRequiredComponents (4ms)
	FinalizeReload (917ms)
		ReleaseScriptCaches (0ms)
		RebuildScriptCaches (0ms)
		SetupLoadedEditorAssemblies (453ms)
			LogAssemblyErrors (0ms)
			InitializePlatformSupportModulesInManaged (5ms)
			SetLoadedEditorAssemblies (3ms)
			RefreshPlugins (0ms)
			BeforeProcessingInitializeOnLoad (59ms)
			ProcessInitializeOnLoadAttributes (350ms)
			ProcessInitializeOnLoadMethodAttributes (32ms)
			AfterProcessingInitializeOnLoad (4ms)
			EditorAssembliesLoaded (0ms)
		ExecutionOrderSort2 (0ms)
		AwakeInstancesAfterBackupRestoration (12ms)
Refreshing native plugins compatible for Editor in 4.55 ms, found 5 plugins.
Preloading 0 native plugins for Editor in 0.00 ms.
Unloading 4802 Unused Serialized files (Serialized files now loaded: 0)
Unloading 31 unused Assets / (216.9 KB). Loaded Objects now: 5327.
Memory consumption went from 159.6 MB to 159.3 MB.
Total: 3.551600 ms (FindLiveObjects: 0.291800 ms CreateObjectMapping: 0.228700 ms MarkObjects: 2.856500 ms  DeleteObjects: 0.173400 ms)

Prepare: number of updated asset objects reloaded= 0
AssetImportParameters requested are different than current active one (requested -> active):
  custom:container-demuxer-ogg: 62fdf1f143b41e24485cea50d1cbac27 -> 
  custom:scripting/monoscript/fileName/BulletObjectPool.cs: ee6775fe32eb737485616d461c2d0806 -> 
  custom:video-decoder-ogg-theora: a1e56fd34408186e4bbccfd4996cb3dc -> 
  custom:framework-win-MediaFoundation: 216162199b28c13a410421893ffa2e32 -> 
  custom:CustomObjectIndexerAttribute: 9a22284fe3817be447336de3de66b15e -> 
  custom:container-demuxer-webm: 4f35f7cbe854078d1ac9338744f61a02 -> 
  custom:scripting/monoscript/fileName/EnemyTriangle.cs: aeae8b4dda1628a024301044a23f6556 -> 1f4c3b89eb713329c59f32925eef9f1d
  custom:container-muxer-webm: aa71ff27fc2769a1b78a27578f13a17b -> 
  custom:scripting/monoscript/fileName/BulletPool.cs: 8c507b899be231b088e888762bb41ebf -> 
  custom:video-decoder-webm-vp8: 9c59270c3fd7afecdb556c50c9e8de78 -> 
  custom:SearchIndexIgnoredProperties: e643bd26f0fe6173181afceb89e7c659 -> 
  custom:AudioImporter_EditorPlatform: d09bf68614088b80899f8185d706f6e7 -> 
  custom:video-encoder-webm-vp8: eb34c28f22e8b96e1ab97ce403110664 -> 
  custom:audio-decoder-ogg-vorbis: bf7c407c2cedff20999df2af8eb42d56 -> 
  custom:audio-encoder-webm-vorbis: bf7c407c2cedff20999df2af8eb42d56 -> 
  custom:scripting/precompiled-assembly-types:Assembly-CSharp: 8cb0713f321ec1b92c51a7a483eea15e -> 624995ad97b0182929aca27ee3838563
========================================================================
Received Prepare
Caller must complete domain reload
Begin MonoManager ReloadAssembly
Symbol file LoadedFromMemory is not a mono symbol file
- Loaded All Assemblies, in  0.403 seconds
Native extension for WindowsStandalone target not found
Mono: successfully reloaded assembly
- Finished resetting the current domain, in  0.816 seconds
Domain Reload Profiling: 1217ms
	BeginReloadAssembly (140ms)
		ExecutionOrderSort (0ms)
		DisableScriptedObjects (10ms)
		BackupInstance (0ms)
		ReleaseScriptingObjects (0ms)
		CreateAndSetChildDomain (35ms)
	RebuildCommonClasses (37ms)
	RebuildNativeTypeToScriptingClass (10ms)
	initialDomainReloadingComplete (23ms)
	LoadAllAssembliesAndSetupDomain (191ms)
		LoadAssemblies (241ms)
		RebuildTransferFunctionScriptingTraits (0ms)
		AnalyzeDomain (15ms)
			TypeCache.Refresh (8ms)
				TypeCache.ScanAssembly (0ms)
			ScanForSourceGeneratedMonoScriptInfo (0ms)
			ResolveRequiredComponents (5ms)
	FinalizeReload (816ms)
		ReleaseScriptCaches (0ms)
		RebuildScriptCaches (0ms)
		SetupLoadedEditorAssemblies (381ms)
			LogAssemblyErrors (0ms)
			InitializePlatformSupportModulesInManaged (4ms)
			SetLoadedEditorAssemblies (2ms)
			RefreshPlugins (0ms)
			BeforeProcessingInitializeOnLoad (54ms)
			ProcessInitializeOnLoadAttributes (289ms)
			ProcessInitializeOnLoadMethodAttributes (27ms)
			AfterProcessingInitializeOnLoad (5ms)
			EditorAssembliesLoaded (0ms)
		ExecutionOrderSort2 (0ms)
		AwakeInstancesAfterBackupRestoration (10ms)
Refreshing native plugins compatible for Editor in 3.54 ms, found 5 plugins.
Preloading 0 native plugins for Editor in 0.00 ms.
Unloading 4802 Unused Serialized files (Serialized files now loaded: 0)
Unloading 31 unused Assets / (216.8 KB). Loaded Objects now: 5332.
Memory consumption went from 159.6 MB to 159.3 MB.
Total: 3.218000 ms (FindLiveObjects: 0.255500 ms CreateObjectMapping: 0.138800 ms MarkObjects: 2.640300 ms  DeleteObjects: 0.182400 ms)

Prepare: number of updated asset objects reloaded= 0
AssetImportParameters requested are different than current active one (requested -> active):
  custom:container-demuxer-ogg: 62fdf1f143b41e24485cea50d1cbac27 -> 
  custom:scripting/monoscript/fileName/BulletObjectPool.cs: ee6775fe32eb737485616d461c2d0806 -> 
  custom:video-decoder-ogg-theora: a1e56fd34408186e4bbccfd4996cb3dc -> 
  custom:framework-win-MediaFoundation: 216162199b28c13a410421893ffa2e32 -> 
  custom:CustomObjectIndexerAttribute: 9a22284fe3817be447336de3de66b15e -> 
  custom:container-demuxer-webm: 4f35f7cbe854078d1ac9338744f61a02 -> 
  custom:scripting/monoscript/fileName/EnemyTriangle.cs: aeae8b4dda1628a024301044a23f6556 -> 1f4c3b89eb713329c59f32925eef9f1d
  custom:container-muxer-webm: aa71ff27fc2769a1b78a27578f13a17b -> 
  custom:scripting/monoscript/fileName/BulletPool.cs: 8c507b899be231b088e888762bb41ebf -> 
  custom:video-decoder-webm-vp8: 9c59270c3fd7afecdb556c50c9e8de78 -> 
  custom:SearchIndexIgnoredProperties: e643bd26f0fe6173181afceb89e7c659 -> 
  custom:AudioImporter_EditorPlatform: d09bf68614088b80899f8185d706f6e7 -> 
  custom:video-encoder-webm-vp8: eb34c28f22e8b96e1ab97ce403110664 -> 
  custom:audio-decoder-ogg-vorbis: bf7c407c2cedff20999df2af8eb42d56 -> 
  custom:audio-encoder-webm-vorbis: bf7c407c2cedff20999df2af8eb42d56 -> 
  custom:scripting/precompiled-assembly-types:Assembly-CSharp: 8cb0713f321ec1b92c51a7a483eea15e -> 624995ad97b0182929aca27ee3838563
========================================================================
Received Prepare
Caller must complete domain reload
Begin MonoManager ReloadAssembly
Symbol file LoadedFromMemory is not a mono symbol file
- Loaded All Assemblies, in  0.378 seconds
Native extension for WindowsStandalone target not found
Mono: successfully reloaded assembly
- Finished resetting the current domain, in  0.931 seconds
Domain Reload Profiling: 1307ms
	BeginReloadAssembly (123ms)
		ExecutionOrderSort (0ms)
		DisableScriptedObjects (8ms)
		BackupInstance (0ms)
		ReleaseScriptingObjects (0ms)
		CreateAndSetChildDomain (27ms)
	RebuildCommonClasses (22ms)
	RebuildNativeTypeToScriptingClass (8ms)
	initialDomainReloadingComplete (22ms)
	LoadAllAssembliesAndSetupDomain (201ms)
		LoadAssemblies (247ms)
		RebuildTransferFunctionScriptingTraits (0ms)
		AnalyzeDomain (15ms)
			TypeCache.Refresh (9ms)
				TypeCache.ScanAssembly (0ms)
			ScanForSourceGeneratedMonoScriptInfo (0ms)
			ResolveRequiredComponents (4ms)
	FinalizeReload (931ms)
		ReleaseScriptCaches (0ms)
		RebuildScriptCaches (0ms)
		SetupLoadedEditorAssemblies (449ms)
			LogAssemblyErrors (0ms)
			InitializePlatformSupportModulesInManaged (6ms)
			SetLoadedEditorAssemblies (3ms)
			RefreshPlugins (0ms)
			BeforeProcessingInitializeOnLoad (58ms)
			ProcessInitializeOnLoadAttributes (347ms)
			ProcessInitializeOnLoadMethodAttributes (29ms)
			AfterProcessingInitializeOnLoad (5ms)
			EditorAssembliesLoaded (0ms)
		ExecutionOrderSort2 (0ms)
		AwakeInstancesAfterBackupRestoration (12ms)
Refreshing native plugins compatible for Editor in 4.77 ms, found 5 plugins.
Preloading 0 native plugins for Editor in 0.00 ms.
Unloading 4802 Unused Serialized files (Serialized files now loaded: 0)
Unloading 31 unused Assets / (216.9 KB). Loaded Objects now: 5337.
Memory consumption went from 159.6 MB to 159.4 MB.
Total: 3.392400 ms (FindLiveObjects: 0.270400 ms CreateObjectMapping: 0.149900 ms MarkObjects: 2.811100 ms  DeleteObjects: 0.160100 ms)

Prepare: number of updated asset objects reloaded= 0
AssetImportParameters requested are different than current active one (requested -> active):
  custom:container-demuxer-ogg: 62fdf1f143b41e24485cea50d1cbac27 -> 
  custom:scripting/monoscript/fileName/BulletObjectPool.cs: ee6775fe32eb737485616d461c2d0806 -> 
  custom:video-decoder-ogg-theora: a1e56fd34408186e4bbccfd4996cb3dc -> 
  custom:framework-win-MediaFoundation: 216162199b28c13a410421893ffa2e32 -> 
  custom:CustomObjectIndexerAttribute: 9a22284fe3817be447336de3de66b15e -> 
  custom:container-demuxer-webm: 4f35f7cbe854078d1ac9338744f61a02 -> 
  custom:scripting/monoscript/fileName/EnemyTriangle.cs: aeae8b4dda1628a024301044a23f6556 -> 1f4c3b89eb713329c59f32925eef9f1d
  custom:container-muxer-webm: aa71ff27fc2769a1b78a27578f13a17b -> 
  custom:scripting/monoscript/fileName/BulletPool.cs: 8c507b899be231b088e888762bb41ebf -> 
  custom:video-decoder-webm-vp8: 9c59270c3fd7afecdb556c50c9e8de78 -> 
  custom:SearchIndexIgnoredProperties: e643bd26f0fe6173181afceb89e7c659 -> 
  custom:AudioImporter_EditorPlatform: d09bf68614088b80899f8185d706f6e7 -> 
  custom:video-encoder-webm-vp8: eb34c28f22e8b96e1ab97ce403110664 -> 
  custom:audio-decoder-ogg-vorbis: bf7c407c2cedff20999df2af8eb42d56 -> 
  custom:audio-encoder-webm-vorbis: bf7c407c2cedff20999df2af8eb42d56 -> 
  custom:scripting/precompiled-assembly-types:Assembly-CSharp: 8cb0713f321ec1b92c51a7a483eea15e -> 624995ad97b0182929aca27ee3838563
========================================================================
Received Prepare
Caller must complete domain reload
Begin MonoManager ReloadAssembly
Symbol file LoadedFromMemory is not a mono symbol file
- Loaded All Assemblies, in  0.379 seconds
Native extension for WindowsStandalone target not found
Mono: successfully reloaded assembly
- Finished resetting the current domain, in  0.839 seconds
Domain Reload Profiling: 1216ms
	BeginReloadAssembly (124ms)
		ExecutionOrderSort (0ms)
		DisableScriptedObjects (9ms)
		BackupInstance (0ms)
		ReleaseScriptingObjects (0ms)
		CreateAndSetChildDomain (29ms)
	RebuildCommonClasses (22ms)
	RebuildNativeTypeToScriptingClass (7ms)
	initialDomainReloadingComplete (21ms)
	LoadAllAssembliesAndSetupDomain (203ms)
		LoadAssemblies (235ms)
		RebuildTransferFunctionScriptingTraits (0ms)
		AnalyzeDomain (29ms)
			TypeCache.Refresh (9ms)
				TypeCache.ScanAssembly (0ms)
			ScanForSourceGeneratedMonoScriptInfo (13ms)
			ResolveRequiredComponents (4ms)
	FinalizeReload (839ms)
		ReleaseScriptCaches (0ms)
		RebuildScriptCaches (0ms)
		SetupLoadedEditorAssemblies (394ms)
			LogAssemblyErrors (0ms)
			InitializePlatformSupportModulesInManaged (5ms)
			SetLoadedEditorAssemblies (3ms)
			RefreshPlugins (0ms)
			BeforeProcessingInitializeOnLoad (51ms)
			ProcessInitializeOnLoadAttributes (308ms)
			ProcessInitializeOnLoadMethodAttributes (23ms)
			AfterProcessingInitializeOnLoad (4ms)
			EditorAssembliesLoaded (0ms)
		ExecutionOrderSort2 (0ms)
		AwakeInstancesAfterBackupRestoration (9ms)
Refreshing native plugins compatible for Editor in 3.80 ms, found 5 plugins.
Preloading 0 native plugins for Editor in 0.00 ms.
Unloading 4802 Unused Serialized files (Serialized files now loaded: 0)
Unloading 31 unused Assets / (216.7 KB). Loaded Objects now: 5342.
Memory consumption went from 159.6 MB to 159.4 MB.
Total: 2.914900 ms (FindLiveObjects: 0.246600 ms CreateObjectMapping: 0.139000 ms MarkObjects: 2.376500 ms  DeleteObjects: 0.152100 ms)

Prepare: number of updated asset objects reloaded= 0
AssetImportParameters requested are different than current active one (requested -> active):
  custom:container-demuxer-ogg: 62fdf1f143b41e24485cea50d1cbac27 -> 
  custom:scripting/monoscript/fileName/BulletObjectPool.cs: ee6775fe32eb737485616d461c2d0806 -> 
  custom:video-decoder-ogg-theora: a1e56fd34408186e4bbccfd4996cb3dc -> 
  custom:framework-win-MediaFoundation: 216162199b28c13a410421893ffa2e32 -> 
  custom:CustomObjectIndexerAttribute: 9a22284fe3817be447336de3de66b15e -> 
  custom:container-demuxer-webm: 4f35f7cbe854078d1ac9338744f61a02 -> 
  custom:scripting/monoscript/fileName/EnemyTriangle.cs: aeae8b4dda1628a024301044a23f6556 -> 1f4c3b89eb713329c59f32925eef9f1d
  custom:container-muxer-webm: aa71ff27fc2769a1b78a27578f13a17b -> 
  custom:scripting/monoscript/fileName/BulletPool.cs: 8c507b899be231b088e888762bb41ebf -> 
  custom:video-decoder-webm-vp8: 9c59270c3fd7afecdb556c50c9e8de78 -> 
  custom:SearchIndexIgnoredProperties: e643bd26f0fe6173181afceb89e7c659 -> 
  custom:AudioImporter_EditorPlatform: d09bf68614088b80899f8185d706f6e7 -> 
  custom:video-encoder-webm-vp8: eb34c28f22e8b96e1ab97ce403110664 -> 
  custom:audio-decoder-ogg-vorbis: bf7c407c2cedff20999df2af8eb42d56 -> 
  custom:audio-encoder-webm-vorbis: bf7c407c2cedff20999df2af8eb42d56 -> 
  custom:scripting/precompiled-assembly-types:Assembly-CSharp: 8cb0713f321ec1b92c51a7a483eea15e -> 624995ad97b0182929aca27ee3838563
========================================================================
Received Prepare
Caller must complete domain reload
Begin MonoManager ReloadAssembly
Symbol file LoadedFromMemory is not a mono symbol file
- Loaded All Assemblies, in  0.359 seconds
Native extension for WindowsStandalone target not found
Mono: successfully reloaded assembly
- Finished resetting the current domain, in  0.860 seconds
Domain Reload Profiling: 1217ms
	BeginReloadAssembly (120ms)
		ExecutionOrderSort (0ms)
		DisableScriptedObjects (8ms)
		BackupInstance (0ms)
		ReleaseScriptingObjects (0ms)
		CreateAndSetChildDomain (28ms)
	RebuildCommonClasses (22ms)
	RebuildNativeTypeToScriptingClass (7ms)
	initialDomainReloadingComplete (21ms)
	LoadAllAssembliesAndSetupDomain (186ms)
		LoadAssemblies (233ms)
		RebuildTransferFunctionScriptingTraits (0ms)
		AnalyzeDomain (11ms)
			TypeCache.Refresh (6ms)
				TypeCache.ScanAssembly (0ms)
			ScanForSourceGeneratedMonoScriptInfo (0ms)
			ResolveRequiredComponents (4ms)
	FinalizeReload (860ms)
		ReleaseScriptCaches (0ms)
		RebuildScriptCaches (0ms)
		SetupLoadedEditorAssemblies (434ms)
			LogAssemblyErrors (0ms)
			InitializePlatformSupportModulesInManaged (4ms)
			SetLoadedEditorAssemblies (2ms)
			RefreshPlugins (0ms)
			BeforeProcessingInitializeOnLoad (49ms)
			ProcessInitializeOnLoadAttributes (344ms)
			ProcessInitializeOnLoadMethodAttributes (30ms)
			AfterProcessingInitializeOnLoad (5ms)
			EditorAssembliesLoaded (0ms)
		ExecutionOrderSort2 (0ms)
		AwakeInstancesAfterBackupRestoration (12ms)
Refreshing native plugins compatible for Editor in 6.11 ms, found 5 plugins.
Preloading 0 native plugins for Editor in 0.00 ms.
Unloading 4802 Unused Serialized files (Serialized files now loaded: 0)
Unloading 31 unused Assets / (216.6 KB). Loaded Objects now: 5347.
Memory consumption went from 159.6 MB to 159.4 MB.
Total: 3.396000 ms (FindLiveObjects: 0.247500 ms CreateObjectMapping: 0.129900 ms MarkObjects: 2.845800 ms  DeleteObjects: 0.171900 ms)

Prepare: number of updated asset objects reloaded= 0
AssetImportParameters requested are different than current active one (requested -> active):
  custom:container-demuxer-ogg: 62fdf1f143b41e24485cea50d1cbac27 -> 
  custom:scripting/monoscript/fileName/BulletObjectPool.cs: ee6775fe32eb737485616d461c2d0806 -> 
  custom:video-decoder-ogg-theora: a1e56fd34408186e4bbccfd4996cb3dc -> 
  custom:framework-win-MediaFoundation: 216162199b28c13a410421893ffa2e32 -> 
  custom:CustomObjectIndexerAttribute: 9a22284fe3817be447336de3de66b15e -> 
  custom:container-demuxer-webm: 4f35f7cbe854078d1ac9338744f61a02 -> 
  custom:scripting/monoscript/fileName/EnemyTriangle.cs: aeae8b4dda1628a024301044a23f6556 -> 1f4c3b89eb713329c59f32925eef9f1d
  custom:container-muxer-webm: aa71ff27fc2769a1b78a27578f13a17b -> 
  custom:scripting/monoscript/fileName/BulletPool.cs: 8c507b899be231b088e888762bb41ebf -> 
  custom:video-decoder-webm-vp8: 9c59270c3fd7afecdb556c50c9e8de78 -> 
  custom:SearchIndexIgnoredProperties: e643bd26f0fe6173181afceb89e7c659 -> 
  custom:AudioImporter_EditorPlatform: d09bf68614088b80899f8185d706f6e7 -> 
  custom:video-encoder-webm-vp8: eb34c28f22e8b96e1ab97ce403110664 -> 
  custom:audio-decoder-ogg-vorbis: bf7c407c2cedff20999df2af8eb42d56 -> 
  custom:audio-encoder-webm-vorbis: bf7c407c2cedff20999df2af8eb42d56 -> 
  custom:scripting/precompiled-assembly-types:Assembly-CSharp: 8cb0713f321ec1b92c51a7a483eea15e -> 624995ad97b0182929aca27ee3838563
========================================================================
Received Prepare
Caller must complete domain reload
Begin MonoManager ReloadAssembly
Symbol file LoadedFromMemory is not a mono symbol file
- Loaded All Assemblies, in  0.396 seconds
Native extension for WindowsStandalone target not found
Mono: successfully reloaded assembly
- Finished resetting the current domain, in  1.527 seconds
Domain Reload Profiling: 1922ms
	BeginReloadAssembly (123ms)
		ExecutionOrderSort (0ms)
		DisableScriptedObjects (8ms)
		BackupInstance (0ms)
		ReleaseScriptingObjects (0ms)
		CreateAndSetChildDomain (24ms)
	RebuildCommonClasses (22ms)
	RebuildNativeTypeToScriptingClass (7ms)
	initialDomainReloadingComplete (22ms)
	LoadAllAssembliesAndSetupDomain (220ms)
		LoadAssemblies (255ms)
		RebuildTransferFunctionScriptingTraits (0ms)
		AnalyzeDomain (28ms)
			TypeCache.Refresh (10ms)
				TypeCache.ScanAssembly (0ms)
			ScanForSourceGeneratedMonoScriptInfo (13ms)
			ResolveRequiredComponents (4ms)
	FinalizeReload (1528ms)
		ReleaseScriptCaches (0ms)
		RebuildScriptCaches (0ms)
		SetupLoadedEditorAssemblies (610ms)
			LogAssemblyErrors (0ms)
			InitializePlatformSupportModulesInManaged (7ms)
			SetLoadedEditorAssemblies (4ms)
			RefreshPlugins (0ms)
			BeforeProcessingInitializeOnLoad (91ms)
			ProcessInitializeOnLoadAttributes (461ms)
			ProcessInitializeOnLoadMethodAttributes (39ms)
			AfterProcessingInitializeOnLoad (8ms)
			EditorAssembliesLoaded (0ms)
		ExecutionOrderSort2 (0ms)
		AwakeInstancesAfterBackupRestoration (16ms)
Refreshing native plugins compatible for Editor in 11.18 ms, found 5 plugins.
Preloading 0 native plugins for Editor in 0.00 ms.
Unloading 4802 Unused Serialized files (Serialized files now loaded: 0)
Unloading 31 unused Assets / (217.0 KB). Loaded Objects now: 5352.
Memory consumption went from 159.6 MB to 159.4 MB.
Total: 4.601000 ms (FindLiveObjects: 0.511100 ms CreateObjectMapping: 0.164000 ms MarkObjects: 3.681300 ms  DeleteObjects: 0.243500 ms)

Prepare: number of updated asset objects reloaded= 0
AssetImportParameters requested are different than current active one (requested -> active):
  custom:container-demuxer-ogg: 62fdf1f143b41e24485cea50d1cbac27 -> 
  custom:scripting/monoscript/fileName/BulletObjectPool.cs: ee6775fe32eb737485616d461c2d0806 -> 
  custom:video-decoder-ogg-theora: a1e56fd34408186e4bbccfd4996cb3dc -> 
  custom:framework-win-MediaFoundation: 216162199b28c13a410421893ffa2e32 -> 
  custom:CustomObjectIndexerAttribute: 9a22284fe3817be447336de3de66b15e -> 
  custom:container-demuxer-webm: 4f35f7cbe854078d1ac9338744f61a02 -> 
  custom:scripting/monoscript/fileName/EnemyTriangle.cs: aeae8b4dda1628a024301044a23f6556 -> 1f4c3b89eb713329c59f32925eef9f1d
  custom:container-muxer-webm: aa71ff27fc2769a1b78a27578f13a17b -> 
  custom:scripting/monoscript/fileName/BulletPool.cs: 8c507b899be231b088e888762bb41ebf -> 
  custom:video-decoder-webm-vp8: 9c59270c3fd7afecdb556c50c9e8de78 -> 
  custom:SearchIndexIgnoredProperties: e643bd26f0fe6173181afceb89e7c659 -> 
  custom:AudioImporter_EditorPlatform: d09bf68614088b80899f8185d706f6e7 -> 
  custom:video-encoder-webm-vp8: eb34c28f22e8b96e1ab97ce403110664 -> 
  custom:audio-decoder-ogg-vorbis: bf7c407c2cedff20999df2af8eb42d56 -> 
  custom:audio-encoder-webm-vorbis: bf7c407c2cedff20999df2af8eb42d56 -> 
  custom:scripting/precompiled-assembly-types:Assembly-CSharp: 8cb0713f321ec1b92c51a7a483eea15e -> 624995ad97b0182929aca27ee3838563
========================================================================
Received Prepare
Caller must complete domain reload
Begin MonoManager ReloadAssembly
Symbol file LoadedFromMemory is not a mono symbol file
- Loaded All Assemblies, in  0.353 seconds
Native extension for WindowsStandalone target not found
Mono: successfully reloaded assembly
- Finished resetting the current domain, in  0.864 seconds
Domain Reload Profiling: 1215ms
	BeginReloadAssembly (119ms)
		ExecutionOrderSort (0ms)
		DisableScriptedObjects (9ms)
		BackupInstance (0ms)
		ReleaseScriptingObjects (0ms)
		CreateAndSetChildDomain (24ms)
	RebuildCommonClasses (22ms)
	RebuildNativeTypeToScriptingClass (7ms)
	initialDomainReloadingComplete (21ms)
	LoadAllAssembliesAndSetupDomain (182ms)
		LoadAssemblies (231ms)
		RebuildTransferFunctionScriptingTraits (0ms)
		AnalyzeDomain (13ms)
			TypeCache.Refresh (6ms)
				TypeCache.ScanAssembly (0ms)
			ScanForSourceGeneratedMonoScriptInfo (0ms)
			ResolveRequiredComponents (4ms)
	FinalizeReload (865ms)
		ReleaseScriptCaches (0ms)
		RebuildScriptCaches (0ms)
		SetupLoadedEditorAssemblies (443ms)
			LogAssemblyErrors (0ms)
			InitializePlatformSupportModulesInManaged (4ms)
			SetLoadedEditorAssemblies (2ms)
			RefreshPlugins (0ms)
			BeforeProcessingInitializeOnLoad (53ms)
			ProcessInitializeOnLoadAttributes (350ms)
			ProcessInitializeOnLoadMethodAttributes (29ms)
			AfterProcessingInitializeOnLoad (5ms)
			EditorAssembliesLoaded (0ms)
		ExecutionOrderSort2 (0ms)
		AwakeInstancesAfterBackupRestoration (12ms)
Refreshing native plugins compatible for Editor in 5.42 ms, found 5 plugins.
Preloading 0 native plugins for Editor in 0.00 ms.
Unloading 4802 Unused Serialized files (Serialized files now loaded: 0)
Unloading 31 unused Assets / (216.8 KB). Loaded Objects now: 5357.
Memory consumption went from 159.6 MB to 159.4 MB.
Total: 3.251400 ms (FindLiveObjects: 0.306200 ms CreateObjectMapping: 0.134600 ms MarkObjects: 2.602300 ms  DeleteObjects: 0.207700 ms)

Prepare: number of updated asset objects reloaded= 0
AssetImportParameters requested are different than current active one (requested -> active):
  custom:container-demuxer-ogg: 62fdf1f143b41e24485cea50d1cbac27 -> 
  custom:scripting/monoscript/fileName/BulletObjectPool.cs: ee6775fe32eb737485616d461c2d0806 -> 
  custom:video-decoder-ogg-theora: a1e56fd34408186e4bbccfd4996cb3dc -> 
  custom:framework-win-MediaFoundation: 216162199b28c13a410421893ffa2e32 -> 
  custom:CustomObjectIndexerAttribute: 9a22284fe3817be447336de3de66b15e -> 
  custom:container-demuxer-webm: 4f35f7cbe854078d1ac9338744f61a02 -> 
  custom:scripting/monoscript/fileName/EnemyTriangle.cs: aeae8b4dda1628a024301044a23f6556 -> 1f4c3b89eb713329c59f32925eef9f1d
  custom:container-muxer-webm: aa71ff27fc2769a1b78a27578f13a17b -> 
  custom:scripting/monoscript/fileName/BulletPool.cs: 8c507b899be231b088e888762bb41ebf -> 
  custom:video-decoder-webm-vp8: 9c59270c3fd7afecdb556c50c9e8de78 -> 
  custom:SearchIndexIgnoredProperties: e643bd26f0fe6173181afceb89e7c659 -> 
  custom:AudioImporter_EditorPlatform: d09bf68614088b80899f8185d706f6e7 -> 
  custom:video-encoder-webm-vp8: eb34c28f22e8b96e1ab97ce403110664 -> 
  custom:audio-decoder-ogg-vorbis: bf7c407c2cedff20999df2af8eb42d56 -> 
  custom:audio-encoder-webm-vorbis: bf7c407c2cedff20999df2af8eb42d56 -> 
  custom:scripting/precompiled-assembly-types:Assembly-CSharp: 8cb0713f321ec1b92c51a7a483eea15e -> 624995ad97b0182929aca27ee3838563
========================================================================
Received Prepare
Caller must complete domain reload
Begin MonoManager ReloadAssembly
Symbol file LoadedFromMemory is not a mono symbol file
- Loaded All Assemblies, in  0.365 seconds
Native extension for WindowsStandalone target not found
Mono: successfully reloaded assembly
- Finished resetting the current domain, in  0.822 seconds
Domain Reload Profiling: 1186ms
	BeginReloadAssembly (114ms)
		ExecutionOrderSort (0ms)
		DisableScriptedObjects (8ms)
		BackupInstance (0ms)
		ReleaseScriptingObjects (0ms)
		CreateAndSetChildDomain (24ms)
	RebuildCommonClasses (22ms)
	RebuildNativeTypeToScriptingClass (8ms)
	initialDomainReloadingComplete (23ms)
	LoadAllAssembliesAndSetupDomain (197ms)
		LoadAssemblies (227ms)
		RebuildTransferFunctionScriptingTraits (0ms)
		AnalyzeDomain (28ms)
			TypeCache.Refresh (9ms)
				TypeCache.ScanAssembly (0ms)
			ScanForSourceGeneratedMonoScriptInfo (12ms)
			ResolveRequiredComponents (5ms)
	FinalizeReload (823ms)
		ReleaseScriptCaches (0ms)
		RebuildScriptCaches (0ms)
		SetupLoadedEditorAssemblies (389ms)
			LogAssemblyErrors (0ms)
			InitializePlatformSupportModulesInManaged (4ms)
			SetLoadedEditorAssemblies (2ms)
			RefreshPlugins (0ms)
			BeforeProcessingInitializeOnLoad (56ms)
			ProcessInitializeOnLoadAttributes (297ms)
			ProcessInitializeOnLoadMethodAttributes (24ms)
			AfterProcessingInitializeOnLoad (4ms)
			EditorAssembliesLoaded (0ms)
		ExecutionOrderSort2 (0ms)
		AwakeInstancesAfterBackupRestoration (9ms)
Refreshing native plugins compatible for Editor in 3.80 ms, found 5 plugins.
Preloading 0 native plugins for Editor in 0.00 ms.
Unloading 4802 Unused Serialized files (Serialized files now loaded: 0)
Unloading 31 unused Assets / (216.8 KB). Loaded Objects now: 5362.
Memory consumption went from 159.6 MB to 159.4 MB.
Total: 2.990900 ms (FindLiveObjects: 0.229600 ms CreateObjectMapping: 0.124400 ms MarkObjects: 2.461100 ms  DeleteObjects: 0.175300 ms)

Prepare: number of updated asset objects reloaded= 0
AssetImportParameters requested are different than current active one (requested -> active):
  custom:container-demuxer-ogg: 62fdf1f143b41e24485cea50d1cbac27 -> 
  custom:scripting/monoscript/fileName/BulletObjectPool.cs: ee6775fe32eb737485616d461c2d0806 -> 
  custom:video-decoder-ogg-theora: a1e56fd34408186e4bbccfd4996cb3dc -> 
  custom:framework-win-MediaFoundation: 216162199b28c13a410421893ffa2e32 -> 
  custom:CustomObjectIndexerAttribute: 9a22284fe3817be447336de3de66b15e -> 
  custom:container-demuxer-webm: 4f35f7cbe854078d1ac9338744f61a02 -> 
  custom:scripting/monoscript/fileName/EnemyTriangle.cs: aeae8b4dda1628a024301044a23f6556 -> 1f4c3b89eb713329c59f32925eef9f1d
  custom:container-muxer-webm: aa71ff27fc2769a1b78a27578f13a17b -> 
  custom:scripting/monoscript/fileName/BulletPool.cs: 8c507b899be231b088e888762bb41ebf -> 
  custom:video-decoder-webm-vp8: 9c59270c3fd7afecdb556c50c9e8de78 -> 
  custom:SearchIndexIgnoredProperties: e643bd26f0fe6173181afceb89e7c659 -> 
  custom:AudioImporter_EditorPlatform: d09bf68614088b80899f8185d706f6e7 -> 
  custom:video-encoder-webm-vp8: eb34c28f22e8b96e1ab97ce403110664 -> 
  custom:audio-decoder-ogg-vorbis: bf7c407c2cedff20999df2af8eb42d56 -> 
  custom:audio-encoder-webm-vorbis: bf7c407c2cedff20999df2af8eb42d56 -> 
  custom:scripting/precompiled-assembly-types:Assembly-CSharp: 8cb0713f321ec1b92c51a7a483eea15e -> 624995ad97b0182929aca27ee3838563
========================================================================
Received Prepare
Caller must complete domain reload
Begin MonoManager ReloadAssembly
Symbol file LoadedFromMemory is not a mono symbol file
- Loaded All Assemblies, in  0.353 seconds
Native extension for WindowsStandalone target not found
Mono: successfully reloaded assembly
- Finished resetting the current domain, in  0.861 seconds
Domain Reload Profiling: 1212ms
	BeginReloadAssembly (117ms)
		ExecutionOrderSort (0ms)
		DisableScriptedObjects (8ms)
		BackupInstance (0ms)
		ReleaseScriptingObjects (0ms)
		CreateAndSetChildDomain (25ms)
	RebuildCommonClasses (22ms)
	RebuildNativeTypeToScriptingClass (7ms)
	initialDomainReloadingComplete (22ms)
	LoadAllAssembliesAndSetupDomain (183ms)
		LoadAssemblies (228ms)
		RebuildTransferFunctionScriptingTraits (0ms)
		AnalyzeDomain (13ms)
			TypeCache.Refresh (6ms)
				TypeCache.ScanAssembly (0ms)
			ScanForSourceGeneratedMonoScriptInfo (0ms)
			ResolveRequiredComponents (4ms)
	FinalizeReload (861ms)
		ReleaseScriptCaches (0ms)
		RebuildScriptCaches (0ms)
		SetupLoadedEditorAssemblies (443ms)
			LogAssemblyErrors (0ms)
			InitializePlatformSupportModulesInManaged (4ms)
			SetLoadedEditorAssemblies (2ms)
			RefreshPlugins (0ms)
			BeforeProcessingInitializeOnLoad (51ms)
			ProcessInitializeOnLoadAttributes (350ms)
			ProcessInitializeOnLoadMethodAttributes (30ms)
			AfterProcessingInitializeOnLoad (4ms)
			EditorAssembliesLoaded (0ms)
		ExecutionOrderSort2 (0ms)
		AwakeInstancesAfterBackupRestoration (11ms)
Refreshing native plugins compatible for Editor in 5.58 ms, found 5 plugins.
Preloading 0 native plugins for Editor in 0.00 ms.
Unloading 4802 Unused Serialized files (Serialized files now loaded: 0)
Unloading 31 unused Assets / (216.7 KB). Loaded Objects now: 5367.
Memory consumption went from 159.6 MB to 159.4 MB.
Total: 3.829900 ms (FindLiveObjects: 0.286400 ms CreateObjectMapping: 0.119200 ms MarkObjects: 3.180100 ms  DeleteObjects: 0.243200 ms)

Prepare: number of updated asset objects reloaded= 0
AssetImportParameters requested are different than current active one (requested -> active):
  custom:container-demuxer-ogg: 62fdf1f143b41e24485cea50d1cbac27 -> 
  custom:scripting/monoscript/fileName/BulletObjectPool.cs: ee6775fe32eb737485616d461c2d0806 -> 
  custom:video-decoder-ogg-theora: a1e56fd34408186e4bbccfd4996cb3dc -> 
  custom:framework-win-MediaFoundation: 216162199b28c13a410421893ffa2e32 -> 
  custom:CustomObjectIndexerAttribute: 9a22284fe3817be447336de3de66b15e -> 
  custom:container-demuxer-webm: 4f35f7cbe854078d1ac9338744f61a02 -> 
  custom:scripting/monoscript/fileName/EnemyTriangle.cs: aeae8b4dda1628a024301044a23f6556 -> 1f4c3b89eb713329c59f32925eef9f1d
  custom:container-muxer-webm: aa71ff27fc2769a1b78a27578f13a17b -> 
  custom:scripting/monoscript/fileName/BulletPool.cs: 8c507b899be231b088e888762bb41ebf -> 
  custom:video-decoder-webm-vp8: 9c59270c3fd7afecdb556c50c9e8de78 -> 
  custom:SearchIndexIgnoredProperties: e643bd26f0fe6173181afceb89e7c659 -> 
  custom:AudioImporter_EditorPlatform: d09bf68614088b80899f8185d706f6e7 -> 
  custom:video-encoder-webm-vp8: eb34c28f22e8b96e1ab97ce403110664 -> 
  custom:audio-decoder-ogg-vorbis: bf7c407c2cedff20999df2af8eb42d56 -> 
  custom:audio-encoder-webm-vorbis: bf7c407c2cedff20999df2af8eb42d56 -> 
  custom:scripting/precompiled-assembly-types:Assembly-CSharp: 8cb0713f321ec1b92c51a7a483eea15e -> 624995ad97b0182929aca27ee3838563
========================================================================
Received Prepare
Caller must complete domain reload
Begin MonoManager ReloadAssembly
Symbol file LoadedFromMemory is not a mono symbol file
- Loaded All Assemblies, in  0.357 seconds
Native extension for WindowsStandalone target not found
Mono: successfully reloaded assembly
- Finished resetting the current domain, in  0.918 seconds
Domain Reload Profiling: 1273ms
	BeginReloadAssembly (119ms)
		ExecutionOrderSort (0ms)
		DisableScriptedObjects (8ms)
		BackupInstance (0ms)
		ReleaseScriptingObjects (0ms)
		CreateAndSetChildDomain (24ms)
	RebuildCommonClasses (22ms)
	RebuildNativeTypeToScriptingClass (7ms)
	initialDomainReloadingComplete (22ms)
	LoadAllAssembliesAndSetupDomain (186ms)
		LoadAssemblies (235ms)
		RebuildTransferFunctionScriptingTraits (0ms)
		AnalyzeDomain (13ms)
			TypeCache.Refresh (6ms)
				TypeCache.ScanAssembly (0ms)
			ScanForSourceGeneratedMonoScriptInfo (0ms)
			ResolveRequiredComponents (4ms)
	FinalizeReload (918ms)
		ReleaseScriptCaches (0ms)
		RebuildScriptCaches (0ms)
		SetupLoadedEditorAssemblies (449ms)
			LogAssemblyErrors (0ms)
			InitializePlatformSupportModulesInManaged (5ms)
			SetLoadedEditorAssemblies (3ms)
			RefreshPlugins (0ms)
			BeforeProcessingInitializeOnLoad (56ms)
			ProcessInitializeOnLoadAttributes (349ms)
			ProcessInitializeOnLoadMethodAttributes (32ms)
			AfterProcessingInitializeOnLoad (4ms)
			EditorAssembliesLoaded (0ms)
		ExecutionOrderSort2 (0ms)
		AwakeInstancesAfterBackupRestoration (11ms)
Refreshing native plugins compatible for Editor in 4.65 ms, found 5 plugins.
Preloading 0 native plugins for Editor in 0.00 ms.
Unloading 4802 Unused Serialized files (Serialized files now loaded: 0)
Unloading 31 unused Assets / (216.7 KB). Loaded Objects now: 5372.
Memory consumption went from 159.6 MB to 159.4 MB.
Total: 3.460400 ms (FindLiveObjects: 0.300400 ms CreateObjectMapping: 0.137600 ms MarkObjects: 2.770000 ms  DeleteObjects: 0.251300 ms)

Prepare: number of updated asset objects reloaded= 0
AssetImportParameters requested are different than current active one (requested -> active):
  custom:container-demuxer-ogg: 62fdf1f143b41e24485cea50d1cbac27 -> 
  custom:scripting/monoscript/fileName/BulletObjectPool.cs: ee6775fe32eb737485616d461c2d0806 -> 
  custom:video-decoder-ogg-theora: a1e56fd34408186e4bbccfd4996cb3dc -> 
  custom:framework-win-MediaFoundation: 216162199b28c13a410421893ffa2e32 -> 
  custom:CustomObjectIndexerAttribute: 9a22284fe3817be447336de3de66b15e -> 
  custom:container-demuxer-webm: 4f35f7cbe854078d1ac9338744f61a02 -> 
  custom:scripting/monoscript/fileName/EnemyTriangle.cs: aeae8b4dda1628a024301044a23f6556 -> 1f4c3b89eb713329c59f32925eef9f1d
  custom:container-muxer-webm: aa71ff27fc2769a1b78a27578f13a17b -> 
  custom:scripting/monoscript/fileName/BulletPool.cs: 8c507b899be231b088e888762bb41ebf -> 
  custom:video-decoder-webm-vp8: 9c59270c3fd7afecdb556c50c9e8de78 -> 
  custom:SearchIndexIgnoredProperties: e643bd26f0fe6173181afceb89e7c659 -> 
  custom:AudioImporter_EditorPlatform: d09bf68614088b80899f8185d706f6e7 -> 
  custom:video-encoder-webm-vp8: eb34c28f22e8b96e1ab97ce403110664 -> 
  custom:audio-decoder-ogg-vorbis: bf7c407c2cedff20999df2af8eb42d56 -> 
  custom:audio-encoder-webm-vorbis: bf7c407c2cedff20999df2af8eb42d56 -> 
  custom:scripting/precompiled-assembly-types:Assembly-CSharp: 8cb0713f321ec1b92c51a7a483eea15e -> 624995ad97b0182929aca27ee3838563
========================================================================
Received Prepare
Caller must complete domain reload
Begin MonoManager ReloadAssembly
Symbol file LoadedFromMemory is not a mono symbol file
- Loaded All Assemblies, in  0.344 seconds
Native extension for WindowsStandalone target not found
Mono: successfully reloaded assembly
- Finished resetting the current domain, in  0.892 seconds
Domain Reload Profiling: 1235ms
	BeginReloadAssembly (113ms)
		ExecutionOrderSort (0ms)
		DisableScriptedObjects (8ms)
		BackupInstance (0ms)
		ReleaseScriptingObjects (0ms)
		CreateAndSetChildDomain (22ms)
	RebuildCommonClasses (23ms)
	RebuildNativeTypeToScriptingClass (7ms)
	initialDomainReloadingComplete (22ms)
	LoadAllAssembliesAndSetupDomain (177ms)
		LoadAssemblies (223ms)
		RebuildTransferFunctionScriptingTraits (0ms)
		AnalyzeDomain (13ms)
			TypeCache.Refresh (6ms)
				TypeCache.ScanAssembly (0ms)
			ScanForSourceGeneratedMonoScriptInfo (0ms)
			ResolveRequiredComponents (5ms)
	FinalizeReload (893ms)
		ReleaseScriptCaches (0ms)
		RebuildScriptCaches (0ms)
		SetupLoadedEditorAssemblies (454ms)
			LogAssemblyErrors (0ms)
			InitializePlatformSupportModulesInManaged (5ms)
			SetLoadedEditorAssemblies (3ms)
			RefreshPlugins (0ms)
			BeforeProcessingInitializeOnLoad (58ms)
			ProcessInitializeOnLoadAttributes (355ms)
			ProcessInitializeOnLoadMethodAttributes (29ms)
			AfterProcessingInitializeOnLoad (4ms)
			EditorAssembliesLoaded (0ms)
		ExecutionOrderSort2 (0ms)
		AwakeInstancesAfterBackupRestoration (12ms)
Refreshing native plugins compatible for Editor in 4.81 ms, found 5 plugins.
Preloading 0 native plugins for Editor in 0.00 ms.
Unloading 4802 Unused Serialized files (Serialized files now loaded: 0)
Unloading 31 unused Assets / (216.9 KB). Loaded Objects now: 5377.
Memory consumption went from 159.6 MB to 159.4 MB.
Total: 3.530700 ms (FindLiveObjects: 0.275000 ms CreateObjectMapping: 0.141100 ms MarkObjects: 2.880100 ms  DeleteObjects: 0.233500 ms)

Prepare: number of updated asset objects reloaded= 0
AssetImportParameters requested are different than current active one (requested -> active):
  custom:container-demuxer-ogg: 62fdf1f143b41e24485cea50d1cbac27 -> 
  custom:scripting/monoscript/fileName/BulletObjectPool.cs: ee6775fe32eb737485616d461c2d0806 -> 
  custom:video-decoder-ogg-theora: a1e56fd34408186e4bbccfd4996cb3dc -> 
  custom:framework-win-MediaFoundation: 216162199b28c13a410421893ffa2e32 -> 
  custom:CustomObjectIndexerAttribute: 9a22284fe3817be447336de3de66b15e -> 
  custom:container-demuxer-webm: 4f35f7cbe854078d1ac9338744f61a02 -> 
  custom:scripting/monoscript/fileName/EnemyTriangle.cs: aeae8b4dda1628a024301044a23f6556 -> 1f4c3b89eb713329c59f32925eef9f1d
  custom:container-muxer-webm: aa71ff27fc2769a1b78a27578f13a17b -> 
  custom:scripting/monoscript/fileName/BulletPool.cs: 8c507b899be231b088e888762bb41ebf -> 
  custom:video-decoder-webm-vp8: 9c59270c3fd7afecdb556c50c9e8de78 -> 
  custom:SearchIndexIgnoredProperties: e643bd26f0fe6173181afceb89e7c659 -> 
  custom:AudioImporter_EditorPlatform: d09bf68614088b80899f8185d706f6e7 -> 
  custom:video-encoder-webm-vp8: eb34c28f22e8b96e1ab97ce403110664 -> 
  custom:audio-decoder-ogg-vorbis: bf7c407c2cedff20999df2af8eb42d56 -> 
  custom:audio-encoder-webm-vorbis: bf7c407c2cedff20999df2af8eb42d56 -> 
  custom:scripting/precompiled-assembly-types:Assembly-CSharp: 8cb0713f321ec1b92c51a7a483eea15e -> 624995ad97b0182929aca27ee3838563
========================================================================
Received Prepare
Caller must complete domain reload
Begin MonoManager ReloadAssembly
Symbol file LoadedFromMemory is not a mono symbol file
- Loaded All Assemblies, in  0.387 seconds
Native extension for WindowsStandalone target not found
Mono: successfully reloaded assembly
- Finished resetting the current domain, in  0.782 seconds
Domain Reload Profiling: 1168ms
	BeginReloadAssembly (115ms)
		ExecutionOrderSort (0ms)
		DisableScriptedObjects (8ms)
		BackupInstance (0ms)
		ReleaseScriptingObjects (0ms)
		CreateAndSetChildDomain (25ms)
	RebuildCommonClasses (23ms)
	RebuildNativeTypeToScriptingClass (7ms)
	initialDomainReloadingComplete (27ms)
	LoadAllAssembliesAndSetupDomain (213ms)
		LoadAssemblies (240ms)
		RebuildTransferFunctionScriptingTraits (0ms)
		AnalyzeDomain (30ms)
			TypeCache.Refresh (11ms)
				TypeCache.ScanAssembly (0ms)
			ScanForSourceGeneratedMonoScriptInfo (12ms)
			ResolveRequiredComponents (4ms)
	FinalizeReload (783ms)
		ReleaseScriptCaches (0ms)
		RebuildScriptCaches (0ms)
		SetupLoadedEditorAssemblies (363ms)
			LogAssemblyErrors (0ms)
			InitializePlatformSupportModulesInManaged (4ms)
			SetLoadedEditorAssemblies (2ms)
			RefreshPlugins (0ms)
			BeforeProcessingInitializeOnLoad (52ms)
			ProcessInitializeOnLoadAttributes (278ms)
			ProcessInitializeOnLoadMethodAttributes (23ms)
			AfterProcessingInitializeOnLoad (4ms)
			EditorAssembliesLoaded (0ms)
		ExecutionOrderSort2 (0ms)
		AwakeInstancesAfterBackupRestoration (9ms)
Refreshing native plugins compatible for Editor in 4.14 ms, found 5 plugins.
Preloading 0 native plugins for Editor in 0.00 ms.
Unloading 4802 Unused Serialized files (Serialized files now loaded: 0)
Unloading 31 unused Assets / (216.9 KB). Loaded Objects now: 5382.
Memory consumption went from 159.6 MB to 159.4 MB.
Total: 2.821600 ms (FindLiveObjects: 0.237200 ms CreateObjectMapping: 0.122100 ms MarkObjects: 2.308200 ms  DeleteObjects: 0.153400 ms)

Prepare: number of updated asset objects reloaded= 0
AssetImportParameters requested are different than current active one (requested -> active):
  custom:container-demuxer-ogg: 62fdf1f143b41e24485cea50d1cbac27 -> 
  custom:scripting/monoscript/fileName/BulletObjectPool.cs: ee6775fe32eb737485616d461c2d0806 -> 
  custom:video-decoder-ogg-theora: a1e56fd34408186e4bbccfd4996cb3dc -> 
  custom:framework-win-MediaFoundation: 216162199b28c13a410421893ffa2e32 -> 
  custom:CustomObjectIndexerAttribute: 9a22284fe3817be447336de3de66b15e -> 
  custom:container-demuxer-webm: 4f35f7cbe854078d1ac9338744f61a02 -> 
  custom:scripting/monoscript/fileName/EnemyTriangle.cs: aeae8b4dda1628a024301044a23f6556 -> 1f4c3b89eb713329c59f32925eef9f1d
  custom:container-muxer-webm: aa71ff27fc2769a1b78a27578f13a17b -> 
  custom:scripting/monoscript/fileName/BulletPool.cs: 8c507b899be231b088e888762bb41ebf -> 
  custom:video-decoder-webm-vp8: 9c59270c3fd7afecdb556c50c9e8de78 -> 
  custom:SearchIndexIgnoredProperties: e643bd26f0fe6173181afceb89e7c659 -> 
  custom:AudioImporter_EditorPlatform: d09bf68614088b80899f8185d706f6e7 -> 
  custom:video-encoder-webm-vp8: eb34c28f22e8b96e1ab97ce403110664 -> 
  custom:audio-decoder-ogg-vorbis: bf7c407c2cedff20999df2af8eb42d56 -> 
  custom:audio-encoder-webm-vorbis: bf7c407c2cedff20999df2af8eb42d56 -> 
  custom:scripting/precompiled-assembly-types:Assembly-CSharp: 8cb0713f321ec1b92c51a7a483eea15e -> 624995ad97b0182929aca27ee3838563
========================================================================
Received Prepare
Caller must complete domain reload
Begin MonoManager ReloadAssembly
Symbol file LoadedFromMemory is not a mono symbol file
- Loaded All Assemblies, in  0.357 seconds
Native extension for WindowsStandalone target not found
Mono: successfully reloaded assembly
- Finished resetting the current domain, in  0.912 seconds
Domain Reload Profiling: 1267ms
	BeginReloadAssembly (118ms)
		ExecutionOrderSort (0ms)
		DisableScriptedObjects (8ms)
		BackupInstance (0ms)
		ReleaseScriptingObjects (0ms)
		CreateAndSetChildDomain (24ms)
	RebuildCommonClasses (23ms)
	RebuildNativeTypeToScriptingClass (7ms)
	initialDomainReloadingComplete (22ms)
	LoadAllAssembliesAndSetupDomain (184ms)
		LoadAssemblies (234ms)
		RebuildTransferFunctionScriptingTraits (0ms)
		AnalyzeDomain (12ms)
			TypeCache.Refresh (5ms)
				TypeCache.ScanAssembly (0ms)
			ScanForSourceGeneratedMonoScriptInfo (0ms)
			ResolveRequiredComponents (4ms)
	FinalizeReload (912ms)
		ReleaseScriptCaches (0ms)
		RebuildScriptCaches (0ms)
		SetupLoadedEditorAssemblies (454ms)
			LogAssemblyErrors (0ms)
			InitializePlatformSupportModulesInManaged (5ms)
			SetLoadedEditorAssemblies (3ms)
			RefreshPlugins (0ms)
			BeforeProcessingInitializeOnLoad (61ms)
			ProcessInitializeOnLoadAttributes (351ms)
			ProcessInitializeOnLoadMethodAttributes (29ms)
			AfterProcessingInitializeOnLoad (4ms)
			EditorAssembliesLoaded (0ms)
		ExecutionOrderSort2 (0ms)
		AwakeInstancesAfterBackupRestoration (12ms)
Refreshing native plugins compatible for Editor in 5.49 ms, found 5 plugins.
Preloading 0 native plugins for Editor in 0.00 ms.
Unloading 4802 Unused Serialized files (Serialized files now loaded: 0)
Unloading 31 unused Assets / (216.9 KB). Loaded Objects now: 5387.
Memory consumption went from 159.6 MB to 159.4 MB.
Total: 3.219500 ms (FindLiveObjects: 0.259100 ms CreateObjectMapping: 0.164500 ms MarkObjects: 2.634700 ms  DeleteObjects: 0.160400 ms)

Prepare: number of updated asset objects reloaded= 0
AssetImportParameters requested are different than current active one (requested -> active):
  custom:container-demuxer-ogg: 62fdf1f143b41e24485cea50d1cbac27 -> 
  custom:scripting/monoscript/fileName/BulletObjectPool.cs: ee6775fe32eb737485616d461c2d0806 -> 
  custom:video-decoder-ogg-theora: a1e56fd34408186e4bbccfd4996cb3dc -> 
  custom:framework-win-MediaFoundation: 216162199b28c13a410421893ffa2e32 -> 
  custom:CustomObjectIndexerAttribute: 9a22284fe3817be447336de3de66b15e -> 
  custom:container-demuxer-webm: 4f35f7cbe854078d1ac9338744f61a02 -> 
  custom:scripting/monoscript/fileName/EnemyTriangle.cs: aeae8b4dda1628a024301044a23f6556 -> 1f4c3b89eb713329c59f32925eef9f1d
  custom:container-muxer-webm: aa71ff27fc2769a1b78a27578f13a17b -> 
  custom:scripting/monoscript/fileName/BulletPool.cs: 8c507b899be231b088e888762bb41ebf -> 
  custom:video-decoder-webm-vp8: 9c59270c3fd7afecdb556c50c9e8de78 -> 
  custom:SearchIndexIgnoredProperties: e643bd26f0fe6173181afceb89e7c659 -> 
  custom:AudioImporter_EditorPlatform: d09bf68614088b80899f8185d706f6e7 -> 
  custom:video-encoder-webm-vp8: eb34c28f22e8b96e1ab97ce403110664 -> 
  custom:audio-decoder-ogg-vorbis: bf7c407c2cedff20999df2af8eb42d56 -> 
  custom:audio-encoder-webm-vorbis: bf7c407c2cedff20999df2af8eb42d56 -> 
  custom:scripting/precompiled-assembly-types:Assembly-CSharp: 8cb0713f321ec1b92c51a7a483eea15e -> 624995ad97b0182929aca27ee3838563
========================================================================
Received Prepare
Caller must complete domain reload
Begin MonoManager ReloadAssembly
Symbol file LoadedFromMemory is not a mono symbol file
- Loaded All Assemblies, in  0.359 seconds
Native extension for WindowsStandalone target not found
Mono: successfully reloaded assembly
- Finished resetting the current domain, in  0.913 seconds
Domain Reload Profiling: 1271ms
	BeginReloadAssembly (117ms)
		ExecutionOrderSort (0ms)
		DisableScriptedObjects (8ms)
		BackupInstance (0ms)
		ReleaseScriptingObjects (0ms)
		CreateAndSetChildDomain (24ms)
	RebuildCommonClasses (22ms)
	RebuildNativeTypeToScriptingClass (8ms)
	initialDomainReloadingComplete (23ms)
	LoadAllAssembliesAndSetupDomain (187ms)
		LoadAssemblies (235ms)
		RebuildTransferFunctionScriptingTraits (0ms)
		AnalyzeDomain (13ms)
			TypeCache.Refresh (6ms)
				TypeCache.ScanAssembly (0ms)
			ScanForSourceGeneratedMonoScriptInfo (0ms)
			ResolveRequiredComponents (4ms)
	FinalizeReload (914ms)
		ReleaseScriptCaches (0ms)
		RebuildScriptCaches (0ms)
		SetupLoadedEditorAssemblies (453ms)
			LogAssemblyErrors (0ms)
			InitializePlatformSupportModulesInManaged (6ms)
			SetLoadedEditorAssemblies (3ms)
			RefreshPlugins (0ms)
			BeforeProcessingInitializeOnLoad (60ms)
			ProcessInitializeOnLoadAttributes (351ms)
			ProcessInitializeOnLoadMethodAttributes (29ms)
			AfterProcessingInitializeOnLoad (4ms)
			EditorAssembliesLoaded (0ms)
		ExecutionOrderSort2 (0ms)
		AwakeInstancesAfterBackupRestoration (11ms)
Refreshing native plugins compatible for Editor in 5.33 ms, found 5 plugins.
Preloading 0 native plugins for Editor in 0.00 ms.
Unloading 4802 Unused Serialized files (Serialized files now loaded: 0)
Unloading 31 unused Assets / (216.8 KB). Loaded Objects now: 5392.
Memory consumption went from 159.6 MB to 159.4 MB.
Total: 3.448800 ms (FindLiveObjects: 0.279700 ms CreateObjectMapping: 0.230400 ms MarkObjects: 2.757300 ms  DeleteObjects: 0.180300 ms)

Prepare: number of updated asset objects reloaded= 0
AssetImportParameters requested are different than current active one (requested -> active):
  custom:container-demuxer-ogg: 62fdf1f143b41e24485cea50d1cbac27 -> 
  custom:scripting/monoscript/fileName/BulletObjectPool.cs: ee6775fe32eb737485616d461c2d0806 -> 
  custom:video-decoder-ogg-theora: a1e56fd34408186e4bbccfd4996cb3dc -> 
  custom:framework-win-MediaFoundation: 216162199b28c13a410421893ffa2e32 -> 
  custom:CustomObjectIndexerAttribute: 9a22284fe3817be447336de3de66b15e -> 
  custom:container-demuxer-webm: 4f35f7cbe854078d1ac9338744f61a02 -> 
  custom:scripting/monoscript/fileName/EnemyTriangle.cs: aeae8b4dda1628a024301044a23f6556 -> 1f4c3b89eb713329c59f32925eef9f1d
  custom:container-muxer-webm: aa71ff27fc2769a1b78a27578f13a17b -> 
  custom:scripting/monoscript/fileName/BulletPool.cs: 8c507b899be231b088e888762bb41ebf -> 
  custom:video-decoder-webm-vp8: 9c59270c3fd7afecdb556c50c9e8de78 -> 
  custom:SearchIndexIgnoredProperties: e643bd26f0fe6173181afceb89e7c659 -> 
  custom:AudioImporter_EditorPlatform: d09bf68614088b80899f8185d706f6e7 -> 
  custom:video-encoder-webm-vp8: eb34c28f22e8b96e1ab97ce403110664 -> 
  custom:audio-decoder-ogg-vorbis: bf7c407c2cedff20999df2af8eb42d56 -> 
  custom:audio-encoder-webm-vorbis: bf7c407c2cedff20999df2af8eb42d56 -> 
  custom:scripting/precompiled-assembly-types:Assembly-CSharp: 8cb0713f321ec1b92c51a7a483eea15e -> 624995ad97b0182929aca27ee3838563
========================================================================
Received Prepare
Caller must complete domain reload
Begin MonoManager ReloadAssembly
Symbol file LoadedFromMemory is not a mono symbol file
- Loaded All Assemblies, in  0.368 seconds
Native extension for WindowsStandalone target not found
Mono: successfully reloaded assembly
- Finished resetting the current domain, in  0.883 seconds
Domain Reload Profiling: 1249ms
	BeginReloadAssembly (117ms)
		ExecutionOrderSort (0ms)
		DisableScriptedObjects (8ms)
		BackupInstance (0ms)
		ReleaseScriptingObjects (0ms)
		CreateAndSetChildDomain (27ms)
	RebuildCommonClasses (22ms)
	RebuildNativeTypeToScriptingClass (7ms)
	initialDomainReloadingComplete (21ms)
	LoadAllAssembliesAndSetupDomain (198ms)
		LoadAssemblies (229ms)
		RebuildTransferFunctionScriptingTraits (0ms)
		AnalyzeDomain (27ms)
			TypeCache.Refresh (8ms)
				TypeCache.ScanAssembly (0ms)
			ScanForSourceGeneratedMonoScriptInfo (11ms)
			ResolveRequiredComponents (4ms)
	FinalizeReload (884ms)
		ReleaseScriptCaches (0ms)
		RebuildScriptCaches (0ms)
		SetupLoadedEditorAssemblies (416ms)
			LogAssemblyErrors (0ms)
			InitializePlatformSupportModulesInManaged (4ms)
			SetLoadedEditorAssemblies (2ms)
			RefreshPlugins (0ms)
			BeforeProcessingInitializeOnLoad (57ms)
			ProcessInitializeOnLoadAttributes (324ms)
			ProcessInitializeOnLoadMethodAttributes (24ms)
			AfterProcessingInitializeOnLoad (3ms)
			EditorAssembliesLoaded (0ms)
		ExecutionOrderSort2 (0ms)
		AwakeInstancesAfterBackupRestoration (9ms)
Refreshing native plugins compatible for Editor in 4.26 ms, found 5 plugins.
Preloading 0 native plugins for Editor in 0.00 ms.
Unloading 4802 Unused Serialized files (Serialized files now loaded: 0)
Unloading 31 unused Assets / (216.6 KB). Loaded Objects now: 5397.
Memory consumption went from 159.6 MB to 159.4 MB.
Total: 2.988000 ms (FindLiveObjects: 0.234800 ms CreateObjectMapping: 0.118000 ms MarkObjects: 2.468500 ms  DeleteObjects: 0.165900 ms)

Prepare: number of updated asset objects reloaded= 0
AssetImportParameters requested are different than current active one (requested -> active):
  custom:container-demuxer-ogg: 62fdf1f143b41e24485cea50d1cbac27 -> 
  custom:scripting/monoscript/fileName/BulletObjectPool.cs: ee6775fe32eb737485616d461c2d0806 -> 
  custom:video-decoder-ogg-theora: a1e56fd34408186e4bbccfd4996cb3dc -> 
  custom:framework-win-MediaFoundation: 216162199b28c13a410421893ffa2e32 -> 
  custom:CustomObjectIndexerAttribute: 9a22284fe3817be447336de3de66b15e -> 
  custom:container-demuxer-webm: 4f35f7cbe854078d1ac9338744f61a02 -> 
  custom:scripting/monoscript/fileName/EnemyTriangle.cs: aeae8b4dda1628a024301044a23f6556 -> 1f4c3b89eb713329c59f32925eef9f1d
  custom:container-muxer-webm: aa71ff27fc2769a1b78a27578f13a17b -> 
  custom:scripting/monoscript/fileName/BulletPool.cs: 8c507b899be231b088e888762bb41ebf -> 
  custom:video-decoder-webm-vp8: 9c59270c3fd7afecdb556c50c9e8de78 -> 
  custom:SearchIndexIgnoredProperties: e643bd26f0fe6173181afceb89e7c659 -> 
  custom:AudioImporter_EditorPlatform: d09bf68614088b80899f8185d706f6e7 -> 
  custom:video-encoder-webm-vp8: eb34c28f22e8b96e1ab97ce403110664 -> 
  custom:audio-decoder-ogg-vorbis: bf7c407c2cedff20999df2af8eb42d56 -> 
  custom:audio-encoder-webm-vorbis: bf7c407c2cedff20999df2af8eb42d56 -> 
  custom:scripting/precompiled-assembly-types:Assembly-CSharp: 8cb0713f321ec1b92c51a7a483eea15e -> 624995ad97b0182929aca27ee3838563
